month,review_date,ticker,market,name,theme,asset_type,price,price_date,probe_price,core_price,strong_price,distance_to_probe_pct,distance_to_core_pct,pct_1m,pct_3m,pct_6m,drawdown_1y_pct,up_from_low_1y_pct,current_decision,basis_status,basis_type,review_category,proposed_action,review_reason,suggested_probe_price,suggested_core_price,suggested_strong_price,auto_apply
2026-07,2026-07-28,AVAV,US,AeroVironment,防衛ドローン,stock,154.24000549316406,2026-07-27,150.0,130.0,110.0,2.748966119138254,15.715770636586488,12.847537136643647,-21.41837861605239,-49.88139545307423,-62.36488042683358,12.847537136643647,見送り,reviewed_v1_3_1,精査維持_v1.3.1,大幅ドローダウン中,人間レビュー,1年高値から-62.36%。割安化か業績悪化か確認。,150.0,130.0,110.0,NO
2026-07,2026-07-28,AXON,US,Axon Enterprise,公共安全AI・防衛,stock,525.47998046875,2026-07-27,430.0,385.0,340.0,18.170051004336624,26.73365031783628,15.052649886954736,33.832508370104584,-13.471323505837631,-39.667267742361375,51.89916654919185,見送り,reviewed_v1_3_1,精査維持_v1.3.1,維持,維持,大きな異常なし。基準維持。,430.0,385.0,340.0,NO
2026-07,2026-07-28,AUR,US,Aurora Innovation,自動運転・物流,stock,6.210000038146973,2026-07-27,5.0,4.0,3.0,19.484702587989506,35.587762070391605,-0.4807649690957547,26.47658311883754,35.58952274221766,-26.07142475997492,64.72148725636877,見送り,reviewed_v1_3_1,精査維持_v1.3.1,維持,維持,大きな異常なし。基準維持。,5.0,4.0,3.0,NO
2026-07,2026-07-28,TMDX,US,TransMedics,移植医療,stock,74.27999877929688,2026-07-27,85.0,70.0,55.0,-14.431881255887923,5.761980142209945,-4.296848774416349,-34.387422153521804,-46.20899359172832,-50.61826905763637,19.729203228793168,打診買い,reviewed_v1_3_1,精査修正_v1.3.1,買い場発火中,基準維持/投資判断確認,現在判定：打診買い,85.0,70.0,55.0,NO
2026-07,2026-07-28,NOW,US,ServiceNow,業務AI・SaaS,stock,105.55999755859375,2026-07-27,90.0,80.0,70.0,14.740430009916189,24.213715564369945,17.91778543008881,17.067760565785147,-20.697169953746762,-46.85863980923134,27.18071995011295,見送り,reviewed_v1_3_1,精査維持_v1.3.1,大幅ドローダウン中,人間レビュー,1年高値から-46.86%。割安化か業績悪化か確認。,90.0,80.0,70.0,NO
2026-07,2026-07-28,RDW,US,Redwire,宇宙インフラ,stock,8.829999923706055,2026-07-27,16.0,13.0,10.0,-81.20045456676077,-47.22536933549312,-18.240742891086597,-8.78099539950677,-29.47284663851144,-65.90733569977124,74.50592931935076,強く買いたい,reviewed_v1_3_1,精査維持_v1.3.1,買い場発火中,基準維持/投資判断確認,現在判定：強く買いたい,16.0,13.0,10.0,NO
2026-07,2026-07-28,TRMB,US,Trimble,測位・建設DX,stock,55.77000045776367,2026-07-27,52.0,45.0,39.0,6.75990752522731,19.311458435292863,11.228562298861068,-16.81085964178946,-21.97817873723707,-34.53457112397394,14.119094898070617,見送り,reviewed_v1_3_1,精査維持_v1.3.1,維持,維持,大きな異常なし。基準維持。,52.0,45.0,39.0,NO
2026-07,2026-07-28,VEEV,US,Veeva Systems,ライフサイエンスSaaS,stock,194.4600067138672,2026-07-27,165.0,145.0,127.5,15.149648100761048,25.434539240062737,20.520606977299728,24.534110992523924,-13.680749392947009,-36.4966344658482,28.415780307283793,見送り,reviewed_v1_3_1,精査維持_v1.3.1,維持,維持,大きな異常なし。基準維持。,165.0,145.0,127.5,NO
2026-07,2026-07-28,PYPL,US,PayPal,決済・フィンテック,stock,56.06999969482422,2026-07-27,45.0,40.0,35.0,19.743177733325513,28.660602429622678,32.30296904595576,11.073692954198165,-0.9713868729001731,-28.317567348766907,43.474915731115786,見送り,reviewed_v1_3_1,精査維持_v1.3.1,維持,維持,大きな異常なし。基準維持。,45.0,40.0,35.0,NO
2026-07,2026-07-28,TEM,US,Tempus AI,AI医療・診断,stock,42.90999984741211,2026-07-27,42.0,34.0,26.0,2.1207174333443657,20.764390303183532,-21.79697342316284,-17.670758390669068,-34.30802197200227,-58.44067811388658,1.274488858013579,見送り,reviewed_v1_3_1,精査維持_v1.3.1,大幅ドローダウン中,人間レビュー,1か月騰落 -21.80%。悪材料/決算/需給を確認。 / 1年高値から-58.44%。割安化か業績悪化か確認。,42.0,34.0,26.0,NO
2026-07,2026-07-28,FICO,US,Fair Isaac,信用スコア・分析,stock,1280.5699462890625,2026-07-27,1250.0,1100.0,950.0,2.387214097726604,14.100748405999411,12.297208259983632,30.702410133619995,-17.751373746778988,-31.86827096796485,38.834735850916914,見送り,reviewed_v1_3_1,精査維持_v1.3.1,維持,維持,大きな異常なし。基準維持。,1250.0,1100.0,950.0,NO
2026-07,2026-07-28,AAOI,US,Applied Optoelectronics,光通信・CPO周辺,stock,97.81999969482422,2026-07-27,55.0,42.0,32.0,43.77427911307781,57.063994959077604,-29.392230088540412,-39.68058161231686,173.85217343757608,-56.154192282075975,401.89841376900216,見送り,reviewed_v1_3_1,精査維持_v1.3.1,大幅ドローダウン中,人間レビュー,1か月騰落 -29.39%。悪材料/決算/需給を確認。 / 1年高値から-56.15%。割安化か業績悪化か確認。,55.0,42.0,32.0,NO
2026-07,2026-07-28,OUST,US,Ouster,LiDAR・ロボティクス,stock,35.13999938964844,2026-07-27,20.0,15.0,11.0,43.08480265400456,57.31360199050343,-15.973219402013816,24.521616742276844,41.465375095770554,-43.793987312287705,111.30487770889684,見送り,reviewed_v1_3_1,精査維持_v1.3.1,大幅ドローダウン中,人間レビュー,1年高値から-43.79%。割安化か業績悪化か確認。,20.0,15.0,11.0,NO
2026-07,2026-07-28,APH,US,Amphenol,コネクタ・AIインフラ,stock,149.27999877929688,2026-07-27,105.0,90.0,75.0,29.66237884605202,39.710610439473164,-9.60944335676741,-0.28722724953994816,-1.132529738165091,-15.335757385263985,43.111880235106185,見送り,reviewed_v1_3_1,高品質AIインフラ慎重化_v1.3.1,維持,維持,大きな異常なし。基準維持。,105.0,90.0,75.0,NO
2026-07,2026-07-28,ASPI,US,ASP Isotopes,核燃料・同位体,stock,4.050000190734863,2026-07-27,5.5,4.2,3.2,-35.80246274018169,-3.7036988197751115,-36.22046847937379,-24.299060506001776,-52.240561210374715,-71.17437625797616,4.651170813917928,本命買い,reviewed_v1_3_1,精査維持_v1.3.1,急落確認,要確認,現在判定：本命買い / 1か月騰落 -36.22%。悪材料/決算/需給を確認。,5.5,4.2,3.2,NO
2026-07,2026-07-28,NBIS,US,Nebius,AIクラウド,stock,187.8800048828125,2026-07-27,140.0,105.0,80.0,25.484353650446717,44.11326523783504,-26.7895408533363,27.670562793814113,98.81481998181218,-34.46579815031693,272.7777761799108,見送り,reviewed_v1_3_1,AIクラウド条件付き慎重化_v1.3.1,急落確認,要確認,1か月騰落 -26.79%。悪材料/決算/需給を確認。,140.0,105.0,80.0,NO
2026-07,2026-07-28,EWY,US,iShares MSCI South Korea ETF,韓国ETF・半導体,etf,161.1999969482422,2026-07-27,,,,,,-21.365855147198936,4.289311839208679,36.6449057219747,-26.45985438297932,128.16701127627726,基準未設定,scale_rebase_pending_v1_3_1,価格スケール確認待ち_v1.3.1,価格スケール確認待ち,要確認継続,価格スケール確認待ち。自動上書きしない。,,,,NO
2026-07,2026-07-28,ISRG,US,Intuitive Surgical,医療ロボット,stock,356.8299865722656,2026-07-27,430.0,380.0,340.0,-20.505567407776113,-6.493292127802144,-10.723314470549914,-26.002657361997066,-31.9013734570274,-39.81108184754563,7.472440931130844,本命買い,reviewed_v1_3_1,精査修正_v1.3.1,買い場発火中,基準維持/投資判断確認,現在判定：本命買い,430.0,380.0,340.0,NO
2026-07,2026-07-28,SPGI,US,S&P Global,指数・格付け,stock,439.8299865722656,2026-07-27,420.0,380.0,340.0,4.508557210209106,13.602980333046332,15.54623657655342,5.892605955249481,-13.87545624077382,-17.59278763377411,18.973355467631066,見送り,reviewed_v1_3_1,精査修正_v1.3.1,維持,維持,大きな異常なし。基準維持。,420.0,380.0,340.0,NO
2026-07,2026-07-28,MELI,US,MercadoLibre,中南米EC・決済,stock,1819.739990234375,2026-07-27,1700.0,1550.0,1400.0,6.580060386481532,14.82299623473316,9.651298175377672,0.5825801098254999,-15.508299931079511,-27.528404900644464,17.644695942096053,見送り,reviewed_v1_3_1,精査修正_v1.3.1,維持,維持,大きな異常なし。基準維持。,1700.0,1550.0,1400.0,NO
2026-07,2026-07-28,TMO,US,Thermo Fisher,ライフサイエンス,stock,559.530029296875,2026-07-27,460.0,420.0,380.0,17.788147925134226,24.93700462729647,13.679401751319567,19.89072523286409,-12.498237764405733,-12.498237764405733,27.6474960011557,見送り,reviewed_v1_3_1,精査維持_v1.3.1,維持,維持,大きな異常なし。基準維持。,460.0,420.0,380.0,NO
2026-07,2026-07-28,META,US,Meta Platforms,AI・広告・SNS,stock,593.8699951171875,2026-07-27,540.0,500.0,450.0,9.071008059020967,15.806488943537932,9.394514424948243,-12.023173882238313,-9.850326930367888,-24.826582896558545,12.963179679652487,見送り,reviewed_v1_3_1,精査修正_v1.3.1,維持,維持,大きな異常なし。基準維持。,540.0,500.0,450.0,NO
2026-07,2026-07-28,IONQ,US,IonQ,量子コンピュータ,stock,35.91999816894531,2026-07-27,32.0,25.0,18.0,10.913135770520036,30.400887320718777,-28.955701753757225,-15.858516457126385,-23.978839854083994,-56.24314804316105,35.08837142841977,見送り,reviewed_v1_3_1,精査維持_v1.3.1,大幅ドローダウン中,人間レビュー,1か月騰落 -28.96%。悪材料/決算/需給を確認。 / 1年高値から-56.24%。割安化か業績悪化か確認。,32.0,25.0,18.0,NO
2026-07,2026-07-28,RGTI,US,Rigetti,量子コンピュータ,stock,15.640000343322754,2026-07-27,10.0,7.0,5.0,36.061382477722645,55.24296773440586,-15.046167990483356,-5.839856901776947,-33.30490475701681,-72.23997106680102,21.240316324169434,見送り,reviewed_v1_3_1,精査維持_v1.3.1,大幅ドローダウン中,人間レビュー,1年高値から-72.24%。割安化か業績悪化か確認。 / 超小型/高ボラ枠。判定が出ても投資サイズ制限。,10.0,7.0,5.0,NO
2026-07,2026-07-28,SDGR,US,Schrodinger,AI創薬,stock,15.279999732971191,2026-07-27,15.0,12.0,10.0,1.8324590174370738,21.46596721394966,-5.328374778185037,29.601355236727606,-6.942754799183024,-32.14920327542232,38.03071503349146,見送り,reviewed_v1_3_1,精査維持_v1.3.1,維持,維持,大きな異常なし。基準維持。,15.0,12.0,10.0,NO
2026-07,2026-07-28,RXRX,US,Recursion,AI創薬,stock,3.009999990463257,2026-07-27,3.5,2.8,2.2,-16.279070135855026,6.976743891315985,-9.8802374906087,-14.245014283718247,-36.363636821869264,-55.670102984186,5.985918360271135,打診買い,reviewed_v1_3_1,精査維持_v1.3.1,買い場発火中,基準維持/投資判断確認,現在判定：打診買い,3.5,2.8,2.2,NO
2026-07,2026-07-28,QCOM,US,Qualcomm,半導体・エッジAI,stock,170.0399932861328,2026-07-27,150.0,135.0,120.0,11.785458761110833,20.60691288499975,-17.01317796425258,14.23579866559153,9.125905078624575,-32.26038148674047,37.05165930876222,見送り,reviewed_v1_3_1,精査維持_v1.3.1,維持,維持,大きな異常なし。基準維持。,150.0,135.0,120.0,NO
2026-07,2026-07-28,HSAI,US,Hesai,LiDAR,stock,15.430000305175781,2026-07-27,14.0,11.0,8.0,9.267662196326123,28.710306011399094,2.7296926425870045,-30.931064459333264,-44.77451678511137,-48.22147416035375,5.684930835751812,見送り,reviewed_v1_3_1,精査維持_v1.3.1,大幅ドローダウン中,人間レビュー,1年高値から-48.22%。割安化か業績悪化か確認。,14.0,11.0,8.0,NO
2026-07,2026-07-28,PL,US,Planet Labs,宇宙データ,stock,21.0,2026-07-27,,,,,,-20.784610265219307,-40.74491869710861,-22.048999318126416,-59.14397008446215,239.80583468147856,基準未設定,scale_rebase_pending_v1_3_1,価格スケール確認待ち_v1.3.1,価格スケール確認待ち,要確認継続,価格スケール確認待ち。自動上書きしない。,,,,NO
2026-07,2026-07-28,V,US,Visa,決済,stock,362.5299987792969,2026-07-27,310.0,300.0,275.0,14.489835036045223,17.248227454237313,9.684742475378973,17.164366571901283,11.14415565630571,-0.714798642831186,22.675288392259944,見送り,reviewed_v1_3_1,精査維持_v1.3.1,維持,維持,大きな異常なし。基準維持。,310.0,300.0,275.0,NO
2026-07,2026-07-28,VRTX,US,Vertex Pharma,医薬,stock,479.0,2026-07-27,420.0,380.0,340.0,12.31732776617954,20.668058455114824,0.7996607103017502,10.089633022445884,2.492777093043187,-9.552677408948895,30.681505110865793,見送り,reviewed_v1_3_1,精査維持_v1.3.1,維持,維持,大きな異常なし。基準維持。,420.0,380.0,340.0,NO
2026-07,2026-07-28,DIS,US,Disney,メディア・IP,stock,96.6500015258789,2026-07-27,100.0,90.0,82.0,-3.466113213897986,6.880498107491813,-1.427844449061246,-5.799217384728287,-12.91223769832352,-19.705907351885198,4.576935123068361,打診買い,reviewed_v1_3_1,精査維持_v1.3.1,買い場発火中,基準維持/投資判断確認,現在判定：打診買い,100.0,90.0,82.0,NO
2026-07,2026-07-28,KVYO,US,Klaviyo,マーケSaaS,stock,17.729999542236328,2026-07-27,15.0,12.0,10.0,15.397628949357472,32.31810315948598,26.102411188403646,-5.490408710442215,-32.94251443225901,-50.640310562251564,37.86936248501726,見送り,reviewed_v1_3_1,精査維持_v1.3.1,大幅ドローダウン中,人間レビュー,1年高値から-50.64%。割安化か業績悪化か確認。,15.0,12.0,10.0,NO
2026-07,2026-07-28,DKNG,US,DraftKings,スポーツベッティング,stock,24.110000610351562,2026-07-27,30.0,25.0,20.0,-24.429694071096716,-3.691411725913929,4.372295290921442,4.012080642501652,-19.552882339879606,-50.01036525153234,16.36101066283405,本命買い,reviewed_v1_3_1,精査修正_v1.3.1,買い場発火中,基準維持/投資判断確認,現在判定：本命買い,30.0,25.0,20.0,NO
2026-07,2026-07-28,CRSP,US,CRISPR Therapeutics,遺伝子編集,stock,46.72999954223633,2026-07-27,45.0,36.0,28.0,3.7021176100647932,22.961694088051836,-12.735760582615052,-15.313520689029172,-23.15408898714301,-39.13779592969112,5.390165497121555,見送り,reviewed_v1_3_1,精査維持_v1.3.1,維持,維持,大きな異常なし。基準維持。,45.0,36.0,28.0,NO
2026-07,2026-07-28,BEAM,US,Beam Therapeutics,遺伝子編集,stock,25.06999969482422,2026-07-27,26.5,22.0,18.0,-5.704030006314716,12.24571093815382,-26.11258629726576,-7.524901769085165,-20.564004692464504,-33.887128414063675,56.589627335534075,打診買い,reviewed_v1_3_1,精査維持_v1.3.1,急落確認,要確認,現在判定：打診買い / 1か月騰落 -26.11%。悪材料/決算/需給を確認。,26.5,22.0,18.0,NO
2026-07,2026-07-28,ETN,US,Eaton,電力インフラ,stock,398.6400146484375,2026-07-27,330.0,290.0,250.0,17.218546088247425,27.252661713914407,-1.470620070518016,-6.091869340768551,19.339002649686552,-8.522645425420068,26.223800077110464,見送り,reviewed_v1_3_1,精査維持_v1.3.1,維持,維持,大きな異常なし。基準維持。,330.0,290.0,250.0,NO
2026-07,2026-07-28,MSTR,US,MicroStrategy,Bitcoin連動,stock,98.6500015258789,2026-07-27,,,,,,15.60998407242104,-42.316688655489436,-39.5193420656402,-75.56958778897797,19.85178526539653,基準未設定,conditional_no_price_signal_v1_3_1,価格単独判定禁止_v1.3.1,条件確認待ち,要確認継続,条件確認待ち。自動上書きしない。,,,,NO
2026-07,2026-07-28,POET,US,POET Technologies,光電融合・CPO,stock,7.090000152587891,2026-07-27,3.8,2.8,2.0,46.403386202848274,60.507758254730305,-30.009870952709335,-53.04635779156318,2.6049248791690474,-65.53232738077355,70.02398136378628,見送り,reviewed_v1_3_1,精査維持_v1.3.1,大幅ドローダウン中,人間レビュー,1か月騰落 -30.01%。悪材料/決算/需給を確認。 / 1年高値から-65.53%。割安化か業績悪化か確認。 / 超小型/高ボラ枠。判定が出ても投資サイズ制限。,3.8,2.8,2.0,NO
2026-07,2026-07-28,KITT,US,Nauticus Robotics,海洋ロボ・超小型,stock,0.7990000247955322,2026-07-27,1.2,0.8,0.5,-50.18773000752853,-0.12515333835236314,-28.018016711853434,-73.80327746599662,-89.70360823158555,-98.87337839054626,4.172099664869591,本命買い,reviewed_v1_3_1,精査維持_v1.3.1,急落確認,要確認,現在判定：本命買い / 1か月騰落 -28.02%。悪材料/決算/需給を確認。 / 超小型/高ボラ枠。判定が出ても投資サイズ制限。,1.2,0.8,0.5,NO
2026-07,2026-07-28,AXTI,US,AXT,化合物半導体,stock,47.880001068115234,2026-07-27,,,,,,-30.66897949497958,-37.132354561668464,175.17242596445251,-66.00156185075251,2393.7501113706603,基準未設定,scale_rebase_pending_v1_3_1,価格スケール確認待ち_v1.3.1,価格スケール確認待ち,要確認継続,価格スケール確認待ち。自動上書きしない。,,,,NO
2026-07,2026-07-28,COHR,US,Coherent,光通信・CPO,stock,271.30999755859375,2026-07-27,,,,,,-33.379988322015045,-19.274598912539428,37.762767439445994,-36.444988580482644,213.47196763973253,基準未設定,scale_rebase_pending_v1_3_1,価格スケール確認待ち_v1.3.1,価格スケール確認待ち,要確認継続,価格スケール確認待ち。自動上書きしない。,,,,NO
2026-07,2026-07-28,ANET,US,Arista Networks,AIネットワーク,stock,170.75999450683594,2026-07-27,100.0,85.0,70.0,41.438274058976525,50.22253295013005,3.2094274140451504,-3.4763490068202674,25.245708591367737,-8.664961288659208,47.04210672993027,見送り,reviewed_v1_3_1,AIネットワーク旧基準維持_v1.3.1,維持,維持,大きな異常なし。基準維持。,100.0,85.0,70.0,NO
2026-07,2026-07-28,DDOG,US,Datadog,監視SaaS,stock,251.86000061035156,2026-07-27,125.0,105.0,85.0,50.36925287974352,58.310172418984564,13.994748722402752,94.5165345389207,93.54490982856875,-9.2363654639851,145.44170526097747,見送り,reviewed_v1_3_1,SaaS旧基準維持_v1.3.1,基準が深すぎる可能性,人間レビュー,3か月騰落 +94.52%。現在値追随で基準を上げない。 / 打診まであと50.37%下落。深すぎる可能性。ただし自動で基準を上げない。,125.0,105.0,85.0,NO
2026-07,2026-07-28,SNOW,US,Snowflake,データクラウド,stock,272.9200134277344,2026-07-27,180.0,150.0,125.0,34.04661030926498,45.03884192438748,20.19731188330796,94.49828904094514,30.154041799869074,-2.584234059015392,125.34886636306996,見送り,reviewed_v1_3_1,データクラウド旧基準維持_v1.3.1,急騰後・基準上方修正禁止,原則維持,3か月騰落 +94.50%。現在値追随で基準を上げない。,180.0,150.0,125.0,NO
2026-07,2026-07-28,OPTX,US,Syntec Optics,精密光学・フォトニクス,stock,7.139999866485596,2026-07-27,,,,,,-30.88093011404394,-30.813952736195194,28.88086490342498,-49.39759007643386,471.19998931884766,基準未設定,scale_rebase_pending_v1_3_1,価格スケール確認待ち_v1.3.1,価格スケール確認待ち,要確認継続,価格スケール確認待ち。自動上書きしない。,,,,NO
2026-07,2026-07-28,AEM,US,Agnico Eagle Mines,金鉱株,stock,145.9600067138672,2026-07-27,120.0,105.0,90.0,17.78569849257263,28.062486181001052,-4.887266826453406,-26.638519406677315,-31.695444313596568,-42.12300039618759,18.310775281158055,見送り,reviewed_v1_3_1,金鉱株旧基準維持_v1.3.1,大幅ドローダウン中,人間レビュー,1年高値から-42.12%。割安化か業績悪化か確認。,120.0,105.0,90.0,NO
2026-07,2026-07-28,ZETA,US,Zeta Global,マーケAI,stock,20.739999771118164,2026-07-27,13.0,10.0,8.0,37.31918927933949,51.783991753338064,15.995529891450735,18.311460118299134,-4.64367921324982,-17.861387045076576,42.54295188480454,見送り,reviewed_v1_3_1,精査維持_v1.3.1,維持,維持,大きな異常なし。基準維持。,13.0,10.0,8.0,NO
2026-07,2026-07-28,7974.T,JP,任天堂,ゲーム・IP,stock,7659.0,2026-07-28,6200.0,5400.0,4800.0,19.04948426687557,29.494712103407757,16.239186522992867,-6.8248175182481745,-24.76424361493124,-47.73797338792221,16.239186522992867,見送り,reviewed_v1_3_1,高品質大型慎重化_v1.3.1,大幅ドローダウン中,人間レビュー,1年高値から-47.74%。割安化か業績悪化か確認。,6200.0,5400.0,4800.0,NO
2026-07,2026-07-28,6383.T,JP,ダイフク,物流自動化,stock,5861.0,2026-07-28,5800.0,5000.0,4300.0,1.0407780242279474,14.690325882955127,-18.17674158871981,-7.584358246609903,5.985533453887884,-24.36443412053168,55.258278145695364,見送り,reviewed_v1_3_1,高品質日本株慎重化_v1.3.1,維持,維持,大きな異常なし。基準維持。,5800.0,5000.0,4300.0,NO
2026-07,2026-07-28,5401.T,JP,日本製鉄,鉄鋼,stock,654.0,2026-07-28,520.0,480.0,430.0,20.489296636085626,26.605504587155966,20.375485863109365,12.739187644236466,-2.3589113288924746,-6.303724928366762,23.163841807909606,見送り,reviewed_v1_3_1,価格スケール修正_v1.3.1,維持,維持,大きな異常なし。基準維持。,520.0,480.0,430.0,NO
2026-07,2026-07-28,4901.T,JP,富士フイルム,ヘルスケア・素材,stock,3755.0,2026-07-28,3200.0,2900.0,2600.0,14.780292942743008,22.769640479360852,9.284051222351572,25.774577122760007,15.823565700185071,-1.9838162359697205,30.585985046078946,見送り,reviewed_v1_3_1,精査修正_v1.3.1,維持,維持,大きな異常なし。基準維持。,3200.0,2900.0,2600.0,NO
2026-07,2026-07-28,3407.T,JP,旭化成,総合化学,stock,1817.0,2026-07-28,1200.0,1050.0,900.0,33.95707209686296,42.212438084755085,1.282051282051282,19.030461840812315,21.66052895882156,-4.4187269857969484,75.89545014520813,見送り,reviewed_v1_3_1,素材株慎重化_v1.3.1,維持,維持,大きな異常なし。基準維持。,1200.0,1050.0,900.0,NO
2026-07,2026-07-28,3402.T,JP,東レ,素材,stock,1150.0,2026-07-28,900.0,800.0,700.0,21.73913043478261,30.434782608695656,1.0101010101010102,3.3707865168539324,2.404274265360641,-14.17910447761194,25.2859755324767,見送り,reviewed_v1_3_1,素材株慎重化_v1.3.1,維持,維持,大きな異常なし。基準維持。,900.0,800.0,700.0,NO
2026-07,2026-07-28,3405.T,JP,クラレ,高機能化学,stock,1849.5,2026-07-28,1550.0,1400.0,1250.0,16.193565828602324,24.303865909705323,9.664986658760748,14.061054579093431,11.71851404409544,-2.45253164556962,21.958456973293767,見送り,reviewed_v1_3_1,精査維持_v1.3.1,維持,維持,大きな異常なし。基準維持。,1550.0,1400.0,1250.0,NO
2026-07,2026-07-28,2871.T,JP,ニチレイ,食品・冷凍物流,stock,2280.5,2026-07-28,1650.0,1500.0,1350.0,27.647445735584302,34.224950668713,4.1324200913242,21.142098273572376,20.2478249406802,0.0,37.17293233082707,見送り,reviewed_v1_3_1,精査維持_v1.3.1,維持,維持,大きな異常なし。基準維持。,1650.0,1500.0,1350.0,NO
2026-07,2026-07-28,8601.T,JP,大和証券G,金融・証券,stock,1836.0,2026-07-28,1100.0,950.0,800.0,40.08714596949891,48.25708061002179,15.001565925461948,22.727272727272727,23.221476510067113,-2.2884513038850454,75.77788415509814,見送り,reviewed_v1_3_1,市況循環株慎重化_v1.3.1,維持,維持,大きな異常なし。基準維持。,1100.0,950.0,800.0,NO
2026-07,2026-07-28,8410.T,JP,セブン銀行,銀行・ATM,stock,320.70001220703125,2026-07-28,290.0,260.0,230.0,9.572812921258182,18.927349515610782,15.567571966497749,20.112364122483616,8.344598718591637,0.0,21.98555331017062,見送り,reviewed_v1_3_1,精査維持_v1.3.1,維持,維持,大きな異常なし。基準維持。,290.0,260.0,230.0,NO
2026-07,2026-07-28,6902.T,JP,デンソー,自動車部品,stock,2079.5,2026-07-28,1850.0,1650.0,1450.0,11.036306804520317,20.654003366193795,10.906666666666668,9.823078954317403,-5.584562996594779,-10.172786177105833,13.355137639683837,見送り,reviewed_v1_3_1,精査修正_v1.3.1,維持,維持,大きな異常なし。基準維持。,1850.0,1650.0,1450.0,NO
2026-07,2026-07-28,6758.T,JP,ソニーG,エンタメ・半導体,stock,3662.0,2026-07-28,3000.0,2700.0,2400.0,18.077553249590387,26.269797924631348,14.473272897780557,12.22801103279191,-1.0537692515536343,-22.085106382978722,17.635721169290075,見送り,reviewed_v1_3_1,精査修正_v1.3.1,維持,維持,大きな異常なし。基準維持。,3000.0,2700.0,2400.0,NO
2026-07,2026-07-28,5020.T,JP,ENEOS,エネルギー,stock,1296.0,2026-07-28,850.0,780.0,700.0,34.413580246913575,39.81481481481482,6.7105804857966245,-0.15408320493066258,5.280259951259139,-16.06217616580311,67.44186046511628,見送り,reviewed_v1_3_1,資源循環株旧基準維持_v1.3.1,維持,維持,大きな異常なし。基準維持。,850.0,780.0,700.0,NO
2026-07,2026-07-28,4063.T,JP,信越化学,半導体材料・塩ビ,stock,5872.0,2026-07-28,4900.0,4500.0,4100.0,16.553133514986378,23.365122615803816,-14.089246525237748,-11.884753901560623,6.9775915467298235,-24.775813476812708,35.4555940023068,見送り,reviewed_v1_3_1,半導体材料旧基準維持_v1.3.1,維持,維持,大きな異常なし。基準維持。,4900.0,4500.0,4100.0,NO
2026-07,2026-07-28,4042.T,JP,東ソー,化学,stock,2745.0,2026-07-28,2650.0,2400.0,2200.0,3.4608378870673953,12.568306010928962,-6.329977819484729,15.871675812579147,9.080071527915756,-9.881812212738017,26.585197140880794,見送り,reviewed_v1_3_1,精査維持_v1.3.1,維持,維持,大きな異常なし。基準維持。,2650.0,2400.0,2200.0,NO
2026-07,2026-07-28,1911.T,JP,住友林業,住宅・木材,stock,1374.5,2026-07-28,1300.0,1150.0,1000.0,5.42015278283012,16.33321207711895,-0.03636363636363636,-4.3826086956521735,-17.496998799519808,-24.808533916849015,10.048038430744596,見送り,reviewed_v1_3_1,精査維持_v1.3.1,維持,維持,大きな異常なし。基準維持。,1300.0,1150.0,1000.0,NO
2026-07,2026-07-28,1928.T,JP,積水ハウス,住宅,stock,3657.0,2026-07-28,3200.0,2900.0,2600.0,12.49658189773038,20.700027344818157,9.491017964071856,6.649168853893263,2.724719101123595,-4.417145844223732,15.108593012275731,見送り,reviewed_v1_3_1,精査維持_v1.3.1,維持,維持,大きな異常なし。基準維持。,3200.0,2900.0,2600.0,NO
2026-07,2026-07-28,6326.T,JP,クボタ,農機・水インフラ,stock,2746.5,2026-07-28,2200.0,1950.0,1700.0,19.898052066266157,29.000546149645,-0.18171906232963836,8.257784785179345,15.496215306980657,-15.28377544725478,65.95166163141994,見送り,reviewed_v1_3_1,農機インフラ慎重化_v1.3.1,維持,維持,大きな異常なし。基準維持。,2200.0,1950.0,1700.0,NO
2026-07,2026-07-28,7267.T,JP,ホンダ,自動車,stock,1612.0,2026-07-28,1400.0,1250.0,1100.0,13.151364764267989,22.456575682382134,11.210762331838566,22.865853658536587,0.27993779160186627,-5.3157121879588844,28.85691446842526,見送り,reviewed_v1_3_1,精査修正_v1.3.1,維持,維持,大きな異常なし。基準維持。,1400.0,1250.0,1100.0,NO
2026-07,2026-07-28,6501.T,JP,日立,インフラ・DX,stock,4890.0,2026-07-28,3500.0,3200.0,2900.0,28.425357873210633,34.56032719836401,9.200535953550693,-6.015760138381703,-5.61667631731326,-15.950498453076658,27.709584747975974,見送り,reviewed_v1_3_1,高品質日本株旧基準維持_v1.3.1,維持,維持,大きな異常なし。基準維持。,3500.0,3200.0,2900.0,NO
2026-07,2026-07-28,9861.T,JP,吉野家HD,外食,stock,3805.0,2026-07-28,2600.0,2300.0,2000.0,31.668856767411302,39.55321944809461,24.34640522875817,15.97074062785736,25.32938076416337,0.0,27.942165433759246,見送り,reviewed_v1_3_1,精査維持_v1.3.1,維持,維持,大きな異常なし。基準維持。,2600.0,2300.0,2000.0,NO
2026-07,2026-07-28,7821.T,JP,前田工繊,防災・土木資材,stock,1885.0,2026-07-28,1900.0,1650.0,1450.0,-0.7957559681697612,12.46684350132626,6.980703745743473,3.7995594713656384,-1.8740239458615304,-14.512471655328799,9.14881297046902,打診買い,reviewed_v1_3_1,精査修正_v1.3.1,買い場発火中,基準維持/投資判断確認,現在判定：打診買い,1900.0,1650.0,1450.0,NO
2026-07,2026-07-28,1377.T,JP,サカタのタネ,種苗,stock,4440.0,2026-07-28,3400.0,3000.0,2700.0,23.423423423423422,32.432432432432435,6.093189964157706,7.376058041112454,11.13892365456821,-3.896103896103896,32.142857142857146,見送り,reviewed_v1_3_1,精査維持_v1.3.1,維持,維持,大きな異常なし。基準維持。,3400.0,3000.0,2700.0,NO
2026-07,2026-07-28,6287.T,JP,サトーHD,自動認識,stock,2473.0,2026-07-28,2300.0,2100.0,1900.0,6.995551961180752,15.082895268904165,4.345991561181434,17.09280303030303,4.345991561181434,-2.2143139580862,19.29570670525808,見送り,reviewed_v1_3_1,精査維持_v1.3.1,維持,維持,大きな異常なし。基準維持。,2300.0,2100.0,1900.0,NO
2026-07,2026-07-28,4368.T,JP,扶桑化学,半導体材料,stock,3525.0,2026-07-28,4000.0,3600.0,3200.0,-13.47517730496454,-2.127659574468085,-24.030172413793103,23.988744284206824,43.48710515182747,-27.987742594484168,152.68817204301075,本命買い,reviewed_v1_3_1,精査維持_v1.3.1,急落確認,要確認,現在判定：本命買い / 1か月騰落 -24.03%。悪材料/決算/需給を確認。,4000.0,3600.0,3200.0,NO
2026-07,2026-07-28,9432.T,JP,NTT/日本電信電話,通信,stock,156.39999389648438,2026-07-28,145.0,135.0,125.0,7.288998939494606,13.682861081598427,8.385301863359292,3.30251004066659,-0.5721609267720735,-5.498493113906722,9.523802909021823,見送り,reviewed_v1_3_1,精査維持_v1.3.1,維持,維持,大きな異常なし。基準維持。,145.0,135.0,125.0,NO
