ticker,tv_symbol,forecast_url,market,asset_type,name,theme,last_attempt_date,rating_date,next_refresh_due,current_price,tv_avg_target,tv_high_target,tv_low_target,tv_upside_pct,tv_high_upside_pct,tv_low_upside_pct,tv_analyst_count_target,tv_consensus,tv_analyst_count_rating,tv_rating_consensus,tv_rating_total_count,tv_strong_buy_count,tv_buy_count,tv_hold_count,tv_sell_count,tv_strong_sell_count,source_quality,freshness,stale_days,status,note
AVAV,NASDAQ:AVAV,https://www.tradingview.com/symbols/NASDAQ-AVAV/forecast/,US,stock,AeroVironment,防衛ドローン,2026-10-03,2026-10-03,2026-11-02,137.11000061035156,217.79,285.0,170.0,58.84326382502928,107.86229941748174,23.988038249024193,19.0,,24.0,,,,,,,,TV_FULL,skipped_cache,7.0,skipped_recent_or_not_due,今回は再取得対象外。保存済みTradingView情報を使用。
AXON,NASDAQ:AXON,https://www.tradingview.com/symbols/NASDAQ-AXON/forecast/,US,stock,Axon Enterprise,公共安全AI・防衛,2026-10-03,2026-10-03,2026-11-02,422.8900146484375,722.65,830.0,600.0,70.88367541635215,96.26852638977691,41.88086245044114,17.0,,24.0,,,,,,,,TV_FULL,skipped_cache,7.0,skipped_recent_or_not_due,今回は再取得対象外。保存済みTradingView情報を使用。
AUR,NASDAQ:AUR,https://www.tradingview.com/symbols/NASDAQ-AUR/forecast/,US,stock,Aurora Innovation,自動運転・物流,2026-10-03,2026-10-03,2026-11-02,5.829999923706055,11.78,18.0,3.59,102.05832168367522,208.7478599580776,-38.421954597250085,11.0,,14.0,,,,,,,,TV_FULL,skipped_cache,7.0,skipped_recent_or_not_due,今回は再取得対象外。保存済みTradingView情報を使用。
TMDX,NASDAQ:TMDX,https://www.tradingview.com/symbols/NASDAQ-TMDX/forecast/,US,stock,TransMedics,移植医療,2026-10-03,2026-10-03,2026-11-02,77.87000274658203,97.3,125.0,65.0,24.95183840772474,60.5239445114655,-16.527548854037942,10.0,,12.0,,,,,,,,TV_FULL,skipped_cache,7.0,skipped_recent_or_not_due,今回は再取得対象外。保存済みTradingView情報を使用。
NOW,NYSE:NOW,https://www.tradingview.com/symbols/NYSE-NOW/forecast/,US,stock,ServiceNow,業務AI・SaaS,2026-10-03,2026-10-03,2026-11-02,140.86000061035156,145.87,248.0,72.0,3.556722538648254,76.06133673534494,-48.885418367157925,45.0,,53.0,,,,,,,,TV_FULL,skipped_cache,7.0,skipped_recent_or_not_due,今回は再取得対象外。保存済みTradingView情報を使用。
RDW,NYSE:RDW,https://www.tradingview.com/symbols/NYSE-RDW/forecast/,US,stock,Redwire,宇宙インフラ,2026-10-03,2026-10-03,2026-11-02,9.579999923706055,14.69,20.0,8.0,53.340293496757404,108.76826888598694,-16.492692445605222,8.0,,10.0,,,,,,,,TV_FULL,skipped_cache,7.0,skipped_recent_or_not_due,今回は再取得対象外。保存済みTradingView情報を使用。
TRMB,NASDAQ:TRMB,https://www.tradingview.com/symbols/NASDAQ-TRMB/forecast/,US,stock,Trimble,測位・建設DX,2026-10-03,2026-10-03,2026-11-02,60.09000015258789,79.55,94.0,61.0,32.38475586286718,56.43201824147725,1.5143948162777938,10.0,,15.0,,,,,,,,TV_FULL,skipped_cache,7.0,skipped_recent_or_not_due,今回は再取得対象外。保存済みTradingView情報を使用。
VEEV,NYSE:VEEV,https://www.tradingview.com/symbols/NYSE-VEEV/forecast/,US,stock,Veeva Systems,ライフサイエンスSaaS,2026-10-03,2026-10-03,2026-11-02,296.1300048828125,297.42,343.0,180.0,0.43561783538213417,15.827506279120671,-39.215885917662625,26.0,,32.0,,,,,,,,TV_FULL,skipped_cache,7.0,skipped_recent_or_not_due,今回は再取得対象外。保存済みTradingView情報を使用。
PYPL,NASDAQ:PYPL,https://www.tradingview.com/symbols/NASDAQ-PYPL/forecast/,US,stock,PayPal,決済・フィンテック,2026-10-03,2026-10-03,2026-11-02,55.529998779296875,56.5,72.0,36.0,1.7468057663000858,29.659646286258518,-35.17017685687075,30.0,,47.0,,,,,,,,TV_FULL,skipped_cache,7.0,skipped_recent_or_not_due,今回は再取得対象外。保存済みTradingView情報を使用。
TEM,NASDAQ:TEM,https://www.tradingview.com/symbols/NASDAQ-TEM/forecast/,US,stock,Tempus AI,AI医療・診断,2026-10-03,2026-10-03,2026-11-02,70.93000030517578,69.44,100.0,35.0,-2.1006630463345113,40.984068193642706,-50.65557613222506,18.0,,23.0,,,,,,,,TV_FULL,skipped_cache,7.0,skipped_recent_or_not_due,今回は再取得対象外。保存済みTradingView情報を使用。
FICO,NYSE:FICO,https://www.tradingview.com/symbols/NYSE-FICO/forecast/,US,stock,Fair Isaac,信用スコア・分析,2026-10-03,2026-10-03,2026-11-02,667.5800170898438,1223.26,1750.0,490.0,83.23795929849892,162.14086030146748,-26.600559115589107,19.0,,26.0,,,,,,,,TV_FULL,skipped_cache,7.0,skipped_recent_or_not_due,今回は再取得対象外。保存済みTradingView情報を使用。
AAOI,NASDAQ:AAOI,https://www.tradingview.com/symbols/NASDAQ-AAOI/forecast/,US,stock,Applied Optoelectronics,光通信・CPO周辺,2026-10-03,2026-10-03,2026-11-02,109.63999938964844,170.5,220.0,109.0,55.508939209368144,100.65669575402343,-0.5837280127793055,6.0,,8.0,,,,,,,,TV_FULL,skipped_cache,7.0,skipped_recent_or_not_due,今回は再取得対象外。保存済みTradingView情報を使用。
OUST,NASDAQ:OUST,https://www.tradingview.com/symbols/NASDAQ-OUST/forecast/,US,stock,Ouster,LiDAR・ロボティクス,2026-10-03,2026-10-03,2026-11-02,39.900001525878906,58.5,75.0,52.0,46.61653574638899,87.96991762357564,30.325809552345774,6.0,,7.0,,,,,,,,TV_FULL,skipped_cache,7.0,skipped_recent_or_not_due,今回は再取得対象外。保存済みTradingView情報を使用。
APH,NYSE:APH,https://www.tradingview.com/symbols/NYSE-APH/forecast/,US,stock,Amphenol,コネクタ・AIインフラ,2026-10-03,2026-10-03,2026-11-02,87.23999786376953,100.72,115.0,90.0,15.451630520762158,31.820269160917874,3.1636889085444238,18.0,,24.0,,,,,,,,TV_FULL,skipped_cache,7.0,skipped_recent_or_not_due,今回は再取得対象外。保存済みTradingView情報を使用。
ASPI,NASDAQ:ASPI,https://www.tradingview.com/symbols/NASDAQ-ASPI/forecast/,US,stock,ASP Isotopes,核燃料・同位体,2026-10-03,2026-10-03,2026-11-02,2.6500000953674316,13.0,15.0,11.0,390.5660200815014,466.0377154786554,315.0943246843473,3.0,,3.0,,,,,,,,TV_FULL,skipped_cache,7.0,skipped_recent_or_not_due,今回は再取得対象外。保存済みTradingView情報を使用。
NBIS,NASDAQ:NBIS,https://www.tradingview.com/symbols/NASDAQ-NBIS/forecast/,US,stock,Nebius,AIクラウド,2026-10-03,2026-10-03,2026-11-02,221.07000732421875,289.45,415.0,84.0,30.93137486330107,87.72333932724113,-62.00298673858252,20.0,,25.0,,,,,,,,TV_FULL,skipped_cache,7.0,skipped_recent_or_not_due,今回は再取得対象外。保存済みTradingView情報を使用。
EWY,,,US,etf,iShares MSCI South Korea ETF,韓国ETF・半導体,,,,177.24000549316406,,,,,,,,,,,,,,,,,NOT_APPLICABLE,not_applicable,,not_applicable,ETF/watch_onlyはTradingViewアナリスト予測対象外
ISRG,NASDAQ:ISRG,https://www.tradingview.com/symbols/NASDAQ-ISRG/forecast/,US,stock,Intuitive Surgical,医療ロボット,2026-10-03,2026-10-03,2026-11-02,423.9599914550781,479.86,685.0,324.0,13.185208432773763,61.57184965708754,-23.577694468764435,28.0,,35.0,,,,,,,,TV_FULL,skipped_cache,7.0,skipped_recent_or_not_due,今回は再取得対象外。保存済みTradingView情報を使用。
SPGI,NYSE:SPGI,https://www.tradingview.com/symbols/NYSE-SPGI/forecast/,US,stock,S&P Global,指数・格付け,2026-10-03,2026-10-03,2026-11-02,407.82000732421875,519.05,553.0,485.0,27.27428539016058,35.599036356341024,18.92501380257757,21.0,,28.0,,,,,,,,TV_FULL,skipped_cache,7.0,skipped_recent_or_not_due,今回は再取得対象外。保存済みTradingView情報を使用。
MELI,NASDAQ:MELI,https://www.tradingview.com/symbols/NASDAQ-MELI/forecast/,US,stock,MercadoLibre,中南米EC・決済,2026-10-03,2026-10-03,2026-11-02,1889.8499755859375,2295.31,2800.0,1750.0,21.45461436897137,48.15990878492223,-7.400057009423608,24.0,,27.0,,,,,,,,TV_FULL,skipped_cache,7.0,skipped_recent_or_not_due,今回は再取得対象外。保存済みTradingView情報を使用。
TMO,NYSE:TMO,https://www.tradingview.com/symbols/NYSE-TMO/forecast/,US,stock,Thermo Fisher,ライフサイエンス,2026-10-03,2026-10-03,2026-11-02,658.02001953125,662.25,780.0,575.0,0.6428346164548743,18.537426954827936,-12.61664038586402,24.0,,30.0,,,,,,,,TV_FULL,skipped_cache,7.0,skipped_recent_or_not_due,今回は再取得対象外。保存済みTradingView情報を使用。
META,NASDAQ:META,https://www.tradingview.com/symbols/NASDAQ-META/forecast/,US,stock,Meta Platforms,AI・広告・SNS,2026-10-03,2026-10-03,2026-11-02,718.6699829101562,793.21,1000.0,580.0,10.371939675009681,39.14592563761132,-19.295363130185432,57.0,,69.0,,,,,,,,TV_FULL,skipped_cache,7.0,skipped_recent_or_not_due,今回は再取得対象外。保存済みTradingView情報を使用。
IONQ,NYSE:IONQ,https://www.tradingview.com/symbols/NYSE-IONQ/forecast/,US,stock,IonQ,量子コンピュータ,2026-10-03,2026-10-03,2026-11-02,39.88999938964844,68.54,100.0,49.0,71.82251453677966,150.68939967432104,22.837805840417317,13.0,,16.0,,,,,,,,TV_FULL,skipped_cache,7.0,skipped_recent_or_not_due,今回は再取得対象外。保存済みTradingView情報を使用。
RGTI,NASDAQ:RGTI,https://www.tradingview.com/symbols/NASDAQ-RGTI/forecast/,US,stock,Rigetti,量子コンピュータ,2026-10-03,2026-10-03,2026-11-02,14.029999732971191,29.55,40.0,18.0,110.62010379484215,185.10335539064928,28.296509925792172,11.0,,14.0,,,,,,,,TV_FULL,skipped_cache,7.0,skipped_recent_or_not_due,今回は再取得対象外。保存済みTradingView情報を使用。
SDGR,NASDAQ:SDGR,https://www.tradingview.com/symbols/NASDAQ-SDGR/forecast/,US,stock,Schrodinger,AI創薬,2026-10-03,2026-10-03,2026-11-02,27.280000686645508,21.43,30.0,17.0,-21.444283502196843,9.970671718809834,-37.683286026007764,7.0,,7.0,,,,,,,,TV_FULL,skipped_cache,7.0,skipped_recent_or_not_due,今回は再取得対象外。保存済みTradingView情報を使用。
RXRX,NASDAQ:RXRX,https://www.tradingview.com/symbols/NASDAQ-RXRX/forecast/,US,stock,Recursion,AI創薬,2026-10-03,2026-10-03,2026-11-02,4.360000133514404,7.22,10.0,4.0,65.59632520424432,129.35779114161267,-8.256883543354942,6.0,,7.0,,,,,,,,TV_FULL,skipped_cache,7.0,skipped_recent_or_not_due,今回は再取得対象外。保存済みTradingView情報を使用。
QCOM,NASDAQ:QCOM,https://www.tradingview.com/symbols/NASDAQ-QCOM/forecast/,US,stock,Qualcomm,半導体・エッジAI,2026-10-03,2026-10-03,2026-11-02,175.5,196.73,400.0,100.0,12.09686609686609,127.92022792022793,-43.01994301994302,27.0,,40.0,,,,,,,,TV_FULL,skipped_cache,7.0,skipped_recent_or_not_due,今回は再取得対象外。保存済みTradingView情報を使用。
HSAI,NASDAQ:HSAI,https://www.tradingview.com/symbols/NASDAQ-HSAI/forecast/,US,stock,Hesai,LiDAR,2026-10-03,2026-10-03,2026-11-02,16.010000228881836,28.39,,,77.32666829563689,,,19.0,,25.0,,,,,,,,TV_FULL,skipped_cache,7.0,skipped_recent_or_not_due,今回は再取得対象外。保存済みTradingView情報を使用。
PL,NYSE:PL,https://www.tradingview.com/symbols/NYSE-PL/forecast/,US,stock,Planet Labs,宇宙データ,2026-10-03,2026-10-03,2026-11-02,17.18000030517578,35.0,51.0,22.0,103.72525831361963,196.8568049712743,28.055876654275192,10.0,,11.0,,,,,,,,TV_FULL,skipped_cache,7.0,skipped_recent_or_not_due,今回は再取得対象外。保存済みTradingView情報を使用。
V,NYSE:V,https://www.tradingview.com/symbols/NYSE-V/forecast/,US,stock,Visa,決済,2026-10-03,2026-10-03,2026-11-02,385.45001220703125,423.54,466.0,370.0,9.881952675230437,20.897648266178827,-4.008305024707797,35.0,,43.0,,,,,,,,TV_FULL,skipped_cache,7.0,skipped_recent_or_not_due,今回は再取得対象外。保存済みTradingView情報を使用。
VRTX,NASDAQ:VRTX,https://www.tradingview.com/symbols/NASDAQ-VRTX/forecast/,US,stock,Vertex Pharma,医薬,2026-10-03,2026-10-03,2026-11-02,510.0799865722656,575.89,672.0,350.0,12.901900713646352,31.74404361869515,-31.383310615262943,27.0,,35.0,,,,,,,,TV_FULL,skipped_cache,7.0,skipped_recent_or_not_due,今回は再取得対象外。保存済みTradingView情報を使用。
DIS,NYSE:DIS,https://www.tradingview.com/symbols/NYSE-DIS/forecast/,US,stock,Disney,メディア・IP,2026-10-03,2026-10-03,2026-11-02,108.05000305175781,127.41,144.0,88.0,17.917627396057,33.27162973889183,-18.55622627067721,31.0,,37.0,,,,,,,,TV_FULL,skipped_cache,7.0,skipped_recent_or_not_due,今回は再取得対象外。保存済みTradingView情報を使用。
KVYO,NYSE:KVYO,https://www.tradingview.com/symbols/NYSE-KVYO/forecast/,US,stock,Klaviyo,マーケSaaS,2026-10-03,2026-10-03,2026-11-02,17.31999969482422,26.57,36.0,19.0,53.40646921570087,107.85219765770535,9.699770986011162,21.0,,25.0,,,,,,,,TV_FULL,skipped_cache,7.0,skipped_recent_or_not_due,今回は再取得対象外。保存済みTradingView情報を使用。
DKNG,NASDAQ:DKNG,https://www.tradingview.com/symbols/NASDAQ-DKNG/forecast/,US,stock,DraftKings,スポーツベッティング,2026-10-03,2026-10-03,2026-11-02,19.579999923706055,34.2,76.0,20.0,74.6680292812111,288.15117618046907,2.1450463632813372,37.0,,42.0,,,,,,,,TV_FULL,skipped_cache,7.0,skipped_recent_or_not_due,今回は再取得対象外。保存済みTradingView情報を使用。
CRSP,NASDAQ:CRSP,https://www.tradingview.com/symbols/NASDAQ-CRSP/forecast/,US,stock,CRISPR Therapeutics,遺伝子編集,2026-10-03,2026-10-03,2026-11-02,53.38999938964844,84.72,291.0,44.0,58.681402825462484,445.0458949741452,-17.58756227195055,18.0,,22.0,,,,,,,,TV_FULL,skipped_cache,7.0,skipped_recent_or_not_due,今回は再取得対象外。保存済みTradingView情報を使用。
BEAM,NASDAQ:BEAM,https://www.tradingview.com/symbols/NASDAQ-BEAM/forecast/,US,stock,Beam Therapeutics,遺伝子編集,2026-10-03,2026-10-03,2026-11-02,25.700000762939453,51.07,80.0,26.0,98.71594740823983,211.284037451717,1.1673121718080226,14.0,,16.0,,,,,,,,TV_FULL,skipped_cache,7.0,skipped_recent_or_not_due,今回は再取得対象外。保存済みTradingView情報を使用。
ETN,NYSE:ETN,https://www.tradingview.com/symbols/NYSE-ETN/forecast/,US,stock,Eaton,電力インフラ,2026-10-03,2026-07-04,2026-08-03,429.6499938964844,468.95,534.0,360.0,9.14698165060004,24.2872122857883,-16.21086812194047,22.0,,28.0,,,,,,,,TV_STALE,skipped_cache,98.0,skipped_recent_or_not_due,今回は再取得対象外。保存済みTradingView情報を使用。
MSTR,NASDAQ:MSTR,https://www.tradingview.com/symbols/NASDAQ-MSTR/forecast/,US,stock,MicroStrategy,Bitcoin連動,2026-10-03,2026-07-04,2026-08-03,154.33999633789062,309.87,570.0,130.0,100.77102977352254,269.314509216471,-15.770375090980309,15.0,,19.0,,,,,,,,TV_STALE,skipped_cache,98.0,skipped_recent_or_not_due,今回は再取得対象外。保存済みTradingView情報を使用。
POET,NASDAQ:POET,https://www.tradingview.com/symbols/NASDAQ-POET/forecast/,US,stock,POET Technologies,光電融合・CPO,2026-10-03,2026-07-04,2026-08-03,6.96999979019165,20.25,23.0,17.5,190.53085523038726,229.98566273081025,151.0760477299643,2.0,,1.0,,,,,,,,TV_STALE,skipped_cache,98.0,skipped_recent_or_not_due,今回は再取得対象外。保存済みTradingView情報を使用。
KITT,NASDAQ:KITT,https://www.tradingview.com/symbols/NASDAQ-KITT/forecast/,US,stock,Nauticus Robotics,海洋ロボ・超小型,2026-10-10,2026-06-27,2026-10-17,1.4800000190734863,,,,,,,,NoRating,,,,,,,,,TV_PARTIAL,attempted,105.0,kept_previous_tv_partial,今回未取得のため前回TV_PARTIALを保持。forecast page returned no usable fields
AXTI,NASDAQ:AXTI,https://www.tradingview.com/symbols/NASDAQ-AXTI/forecast/,US,stock,AXT,化合物半導体,2026-10-03,2026-07-04,2026-08-03,68.45999908447266,96.5,125.0,73.0,40.95822566536824,82.58837521420756,6.63161112509722,4.0,,5.0,,,,,,,,TV_STALE,skipped_cache,98.0,skipped_recent_or_not_due,今回は再取得対象外。保存済みTradingView情報を使用。
COHR,NYSE:COHR,https://www.tradingview.com/symbols/NYSE-COHR/forecast/,US,stock,Coherent,光通信・CPO,2026-10-03,2026-07-04,2026-08-03,312.6199951171875,391.0,465.0,230.0,25.07197431611221,48.74288505624598,-26.428250402286935,22.0,,26.0,,,,,,,,TV_STALE,skipped_cache,98.0,skipped_recent_or_not_due,今回は再取得対象外。保存済みTradingView情報を使用。
ANET,NYSE:ANET,https://www.tradingview.com/symbols/NYSE-ANET/forecast/,US,stock,Arista Networks,AIネットワーク,2026-10-03,2026-07-04,2026-08-03,216.74000549316406,190.3,220.0,164.0,-12.198950273625403,1.5041037299128228,-24.333304492246803,25.0,,32.0,,,,,,,,TV_STALE,skipped_cache,98.0,skipped_recent_or_not_due,今回は再取得対象外。保存済みTradingView情報を使用。
DDOG,NASDAQ:DDOG,https://www.tradingview.com/symbols/NASDAQ-DDOG/forecast/,US,stock,Datadog,監視SaaS,2026-10-03,2026-07-04,2026-08-03,293.260009765625,244.77,330.0,139.0,-16.534818301471947,12.528128285795873,-52.601788388710226,44.0,,50.0,,,,,,,,TV_STALE,skipped_cache,98.0,skipped_recent_or_not_due,今回は再取得対象外。保存済みTradingView情報を使用。
SNOW,NYSE:SNOW,https://www.tradingview.com/symbols/NYSE-SNOW/forecast/,US,stock,Snowflake,データクラウド,2026-10-03,2026-07-04,2026-08-03,368.8900146484375,298.16,500.0,110.0,-19.173740638072072,35.54175503408895,-70.18081389250042,44.0,,52.0,,,,,,,,TV_STALE,skipped_cache,98.0,skipped_recent_or_not_due,今回は再取得対象外。保存済みTradingView情報を使用。
OPTX,NASDAQ:OPTX,https://www.tradingview.com/symbols/NASDAQ-OPTX/forecast/,US,stock,Syntec Optics,精密光学・フォトニクス,2026-10-10,2026-06-27,2026-10-17,8.09000015258789,,,,,,,,NoRating,,,,,,,,,TV_PARTIAL,attempted,105.0,kept_previous_tv_partial,今回未取得のため前回TV_PARTIALを保持。https://www.tradingview.com/symbols/NASDAQ-OPTX/forecast/: HTTP Error 404: Not Found / https://www.tradingview.com/symbols/NASDAQ-OPTX/forecast-price-target/: HTTP Error 404: Not Found
AEM,NYSE:AEM,https://www.tradingview.com/symbols/NYSE-AEM/forecast/,US,stock,Agnico Eagle Mines,金鉱株,2026-10-03,2026-07-04,2026-08-03,189.02000427246094,250.61,306.27,169.92,32.58385056364765,62.03046930341311,-10.10475285194124,19.0,,23.0,,,,,,,,TV_STALE,skipped_cache,98.0,skipped_recent_or_not_due,今回は再取得対象外。保存済みTradingView情報を使用。
ZETA,NYSE:ZETA,https://www.tradingview.com/symbols/NYSE-ZETA/forecast/,US,stock,Zeta Global,マーケAI,2026-10-03,2026-07-04,2026-08-03,33.09000015258789,28.68,44.0,22.0,-13.327289610915868,32.97068539468974,-33.514657302655124,14.0,,16.0,,,,,,,,TV_STALE,skipped_cache,98.0,skipped_recent_or_not_due,今回は再取得対象外。保存済みTradingView情報を使用。
7974.T,,,JP,stock,任天堂,ゲーム・IP,,,,8146.0,,,,,,,,,,,,,,,,,NOT_APPLICABLE,not_applicable,,not_applicable,米国株以外はTradingView W04対象外
6383.T,,,JP,stock,ダイフク,物流自動化,,,,5773.0,,,,,,,,,,,,,,,,,NOT_APPLICABLE,not_applicable,,not_applicable,米国株以外はTradingView W04対象外
5401.T,,,JP,stock,日本製鉄,鉄鋼,,,,629.4000244140625,,,,,,,,,,,,,,,,,NOT_APPLICABLE,not_applicable,,not_applicable,米国株以外はTradingView W04対象外
4901.T,,,JP,stock,富士フイルム,ヘルスケア・素材,,,,3427.0,,,,,,,,,,,,,,,,,NOT_APPLICABLE,not_applicable,,not_applicable,米国株以外はTradingView W04対象外
3407.T,,,JP,stock,旭化成,総合化学,,,,1585.5,,,,,,,,,,,,,,,,,NOT_APPLICABLE,not_applicable,,not_applicable,米国株以外はTradingView W04対象外
3402.T,,,JP,stock,東レ,素材,,,,1234.0,,,,,,,,,,,,,,,,,NOT_APPLICABLE,not_applicable,,not_applicable,米国株以外はTradingView W04対象外
3405.T,,,JP,stock,クラレ,高機能化学,,,,1835.0,,,,,,,,,,,,,,,,,NOT_APPLICABLE,not_applicable,,not_applicable,米国株以外はTradingView W04対象外
2871.T,,,JP,stock,ニチレイ,食品・冷凍物流,,,,2099.5,,,,,,,,,,,,,,,,,NOT_APPLICABLE,not_applicable,,not_applicable,米国株以外はTradingView W04対象外
8601.T,,,JP,stock,大和証券G,金融・証券,,,,1736.0,,,,,,,,,,,,,,,,,NOT_APPLICABLE,not_applicable,,not_applicable,米国株以外はTradingView W04対象外
8410.T,,,JP,stock,セブン銀行,銀行・ATM,,,,338.3999938964844,,,,,,,,,,,,,,,,,NOT_APPLICABLE,not_applicable,,not_applicable,米国株以外はTradingView W04対象外
6902.T,,,JP,stock,デンソー,自動車部品,,,,1826.0,,,,,,,,,,,,,,,,,NOT_APPLICABLE,not_applicable,,not_applicable,米国株以外はTradingView W04対象外
6758.T,,,JP,stock,ソニーG,エンタメ・半導体,,,,3814.0,,,,,,,,,,,,,,,,,NOT_APPLICABLE,not_applicable,,not_applicable,米国株以外はTradingView W04対象外
5020.T,,,JP,stock,ENEOS,エネルギー,,,,1364.5,,,,,,,,,,,,,,,,,NOT_APPLICABLE,not_applicable,,not_applicable,米国株以外はTradingView W04対象外
4063.T,,,JP,stock,信越化学,半導体材料・塩ビ,,,,6085.0,,,,,,,,,,,,,,,,,NOT_APPLICABLE,not_applicable,,not_applicable,米国株以外はTradingView W04対象外
4042.T,,,JP,stock,東ソー,化学,,,,2601.5,,,,,,,,,,,,,,,,,NOT_APPLICABLE,not_applicable,,not_applicable,米国株以外はTradingView W04対象外
1911.T,,,JP,stock,住友林業,住宅・木材,,,,1175.5,,,,,,,,,,,,,,,,,NOT_APPLICABLE,not_applicable,,not_applicable,米国株以外はTradingView W04対象外
1928.T,,,JP,stock,積水ハウス,住宅,,,,3349.0,,,,,,,,,,,,,,,,,NOT_APPLICABLE,not_applicable,,not_applicable,米国株以外はTradingView W04対象外
6326.T,,,JP,stock,クボタ,農機・水インフラ,,,,2626.5,,,,,,,,,,,,,,,,,NOT_APPLICABLE,not_applicable,,not_applicable,米国株以外はTradingView W04対象外
7267.T,,,JP,stock,ホンダ,自動車,,,,1726.5,,,,,,,,,,,,,,,,,NOT_APPLICABLE,not_applicable,,not_applicable,米国株以外はTradingView W04対象外
6501.T,,,JP,stock,日立,インフラ・DX,,,,5669.0,,,,,,,,,,,,,,,,,NOT_APPLICABLE,not_applicable,,not_applicable,米国株以外はTradingView W04対象外
9861.T,,,JP,stock,吉野家HD,外食,,,,3950.0,,,,,,,,,,,,,,,,,NOT_APPLICABLE,not_applicable,,not_applicable,米国株以外はTradingView W04対象外
7821.T,,,JP,stock,前田工繊,防災・土木資材,,,,1960.0,,,,,,,,,,,,,,,,,NOT_APPLICABLE,not_applicable,,not_applicable,米国株以外はTradingView W04対象外
1377.T,,,JP,stock,サカタのタネ,種苗,,,,4210.0,,,,,,,,,,,,,,,,,NOT_APPLICABLE,not_applicable,,not_applicable,米国株以外はTradingView W04対象外
6287.T,,,JP,stock,サトーHD,自動認識,,,,2664.0,,,,,,,,,,,,,,,,,NOT_APPLICABLE,not_applicable,,not_applicable,米国株以外はTradingView W04対象外
4368.T,,,JP,stock,扶桑化学,半導体材料,,,,3490.0,,,,,,,,,,,,,,,,,NOT_APPLICABLE,not_applicable,,not_applicable,米国株以外はTradingView W04対象外
9432.T,,,JP,stock,NTT/日本電信電話,通信,,,,172.89999389648438,,,,,,,,,,,,,,,,,NOT_APPLICABLE,not_applicable,,not_applicable,米国株以外はTradingView W04対象外
