run_date,ticker,market,latest_date,latest_close,base_date,base_close,weekly_diff,weekly_pct,source,status,memo
2026-06-27,AVAV,US,2026-06-25,136.68,2026-06-18,169.61,-32.93,-19.42,yfinance,取得済み,
2026-06-27,AXON,US,2026-06-25,444.73,2026-06-18,423.4,21.33,5.04,yfinance,取得済み,
2026-06-27,AUR,US,2026-06-25,6.24,2026-06-18,6.28,-0.04,-0.64,yfinance,取得済み,
2026-06-27,TMDX,US,2026-06-25,77.75,2026-06-18,78.79,-1.04,-1.32,yfinance,取得済み,
2026-06-27,NOW,US,2026-06-25,89.52,2026-06-18,95.04,-5.52,-5.81,yfinance,取得済み,
2026-06-27,RDW,US,2026-06-25,10.8,2026-06-18,14.35,-3.55,-24.74,yfinance,取得済み,
2026-06-27,TRMB,US,2026-06-25,50.24,2026-06-18,49.16,1.08,2.2,yfinance,取得済み,
2026-06-27,VEEV,US,2026-06-25,158.08,2026-06-18,153.3,4.78,3.12,yfinance,取得済み,
2026-06-27,PYPL,US,2026-06-25,42.38,2026-06-18,42.51,-0.13,-0.31,yfinance,取得済み,
2026-06-27,TEM,US,2026-06-25,54.87,2026-06-18,50.84,4.03,7.93,yfinance,取得済み,
2026-06-27,FICO,US,2026-06-25,1143.48,2026-06-18,1096.48,47.0,4.29,yfinance,取得済み,
2026-06-27,AAOI,US,2026-06-25,138.54,2026-06-18,161.85,-23.31,-14.4,yfinance,取得済み,
2026-06-27,OUST,US,2026-06-25,41.82,2026-06-18,46.57,-4.75,-10.2,yfinance,取得済み,
2026-06-27,APH,US,2026-06-25,165.15,2026-06-18,163.96,1.19,0.73,yfinance,取得済み,
2026-06-27,ASPI,US,2026-06-25,6.35,2026-06-18,7.18,-0.83,-11.56,yfinance,取得済み,
2026-06-27,NBIS,US,2026-06-25,256.63,2026-06-18,286.69,-30.06,-10.49,yfinance,取得済み,
2026-06-27,EWY,US,2026-06-25,205.0,2026-06-18,219.2,-14.2,-6.48,yfinance,取得済み,
2026-06-27,ISRG,US,2026-06-25,399.69,2026-06-18,406.78,-7.09,-1.74,yfinance,取得済み,
2026-06-27,SPGI,US,2026-06-25,395.14,2026-06-18,410.92,-15.78,-3.84,yfinance,取得済み,
2026-06-27,MELI,US,2026-06-25,1619.25,2026-06-18,1635.15,-15.9,-0.97,yfinance,取得済み,
2026-06-27,TMO,US,2026-06-25,505.75,2026-06-18,464.61,41.14,8.85,yfinance,取得済み,
2026-06-27,META,US,2026-06-25,542.87,2026-06-18,577.22,-34.35,-5.95,yfinance,取得済み,
2026-06-27,IONQ,US,2026-06-25,50.56,2026-06-18,56.55,-5.99,-10.59,yfinance,取得済み,
2026-06-27,RGTI,US,2026-06-25,18.41,2026-06-18,21.36,-2.95,-13.81,yfinance,取得済み,
2026-06-27,SDGR,US,2026-06-25,16.14,2026-06-18,15.76,0.38,2.41,yfinance,取得済み,
2026-06-27,RXRX,US,2026-06-25,3.34,2026-06-18,3.23,0.11,3.41,yfinance,取得済み,
2026-06-27,QCOM,US,2026-06-25,204.9,2026-06-18,226.11,-21.21,-9.38,yfinance,取得済み,
2026-06-27,HSAI,US,2026-06-25,15.02,2026-06-18,16.89,-1.87,-11.07,yfinance,取得済み,
2026-06-27,PL,US,2026-06-25,26.51,2026-06-18,28.23,-1.72,-6.09,yfinance,取得済み,
2026-06-27,V,US,2026-06-25,330.52,2026-06-18,327.24,3.28,1.0,yfinance,取得済み,
2026-06-27,VRTX,US,2026-06-25,480.18,2026-06-18,451.63,28.55,6.32,yfinance,取得済み,
2026-06-27,DIS,US,2026-06-25,98.05,2026-06-18,103.89,-5.84,-5.62,yfinance,取得済み,
2026-06-27,KVYO,US,2026-06-25,14.03,2026-06-18,13.25,0.78,5.89,yfinance,取得済み,
2026-06-27,DKNG,US,2026-06-25,23.1,2026-06-18,26.39,-3.29,-12.47,yfinance,取得済み,
2026-06-27,CRSP,US,2026-06-25,53.98,2026-06-18,54.09,-0.11,-0.2,yfinance,取得済み,
2026-06-27,BEAM,US,2026-06-25,33.93,2026-06-18,34.14,-0.21,-0.62,yfinance,取得済み,
2026-06-27,ETN,US,2026-06-25,419.87,2026-06-18,421.77,-1.9,-0.45,yfinance,取得済み,
2026-06-27,MSTR,US,2026-06-25,85.33,2026-06-18,112.53,-27.2,-24.17,yfinance,取得済み,
2026-06-27,POET,US,2026-06-25,10.13,2026-06-18,12.15,-2.02,-16.63,yfinance,取得済み,
2026-06-27,KITT,US,2026-06-25,1.1,2026-06-18,1.38,-0.28,-20.29,yfinance,取得済み,
2026-06-27,AXTI,US,2026-06-25,69.06,2026-06-18,84.57,-15.51,-18.34,yfinance,取得済み,
2026-06-27,COHR,US,2026-06-25,407.25,2026-06-18,389.57,17.68,4.54,yfinance,取得済み,
2026-06-27,ANET,US,2026-06-25,165.45,2026-06-18,169.67,-4.22,-2.49,yfinance,取得済み,
2026-06-27,DDOG,US,2026-06-25,220.94,2026-06-18,223.0,-2.06,-0.92,yfinance,取得済み,
2026-06-27,SNOW,US,2026-06-25,227.06,2026-06-18,232.29,-5.23,-2.25,yfinance,取得済み,
2026-06-27,OPTX,US,2026-06-25,9.8,2026-06-18,12.11,-2.31,-19.08,yfinance,取得済み,
2026-06-27,AEM,US,2026-06-25,156.18,2026-06-18,166.66,-10.48,-6.29,yfinance,取得済み,
2026-06-27,ZETA,US,2026-06-25,17.88,2026-06-18,18.9,-1.02,-5.4,yfinance,取得済み,
2026-06-27,7974.T,JP,2026-06-26,6589.0,2026-06-19,7076.0,-487.0,-6.88,yfinance,取得済み,
2026-06-27,6383.T,JP,2026-06-26,7163.0,2026-06-19,7197.0,-34.0,-0.47,yfinance,取得済み,
2026-06-27,5401.T,JP,2026-06-26,543.3,2026-06-19,559.8,-16.5,-2.95,yfinance,取得済み,
2026-06-27,4901.T,JP,2026-06-26,3436.0,2026-06-19,3383.0,53.0,1.57,yfinance,取得済み,
2026-06-27,3407.T,JP,2026-06-26,1794.0,2026-06-19,1792.5,1.5,0.08,yfinance,取得済み,
2026-06-27,3402.T,JP,2026-06-26,1138.5,2026-06-19,1159.0,-20.5,-1.77,yfinance,取得済み,
2026-06-27,3405.T,JP,2026-06-26,1686.5,2026-06-19,1723.0,-36.5,-2.12,yfinance,取得済み,
2026-06-27,2871.T,JP,2026-06-26,2190.0,2026-06-19,2047.0,143.0,6.99,yfinance,取得済み,
2026-06-27,8601.T,JP,2026-06-26,1596.5,2026-06-19,1606.0,-9.5,-0.59,yfinance,取得済み,
2026-06-27,8410.T,JP,2026-06-26,277.5,2026-06-19,276.7,0.8,0.29,yfinance,取得済み,
2026-06-27,6902.T,JP,2026-06-26,1875.0,2026-06-19,1900.5,-25.5,-1.34,yfinance,取得済み,
2026-06-27,6758.T,JP,2026-06-26,3199.0,2026-06-19,3140.0,59.0,1.88,yfinance,取得済み,
2026-06-27,5020.T,JP,2026-06-26,1214.5,2026-06-19,1264.0,-49.5,-3.92,yfinance,取得済み,
2026-06-27,4063.T,JP,2026-06-26,6835.0,2026-06-19,7310.0,-475.0,-6.5,yfinance,取得済み,
2026-06-27,4042.T,JP,2026-06-26,2930.5,2026-06-19,2970.5,-40.0,-1.35,yfinance,取得済み,
2026-06-27,1911.T,JP,2026-06-26,1375.0,2026-06-19,1338.0,37.0,2.77,yfinance,取得済み,
2026-06-27,1928.T,JP,2026-06-26,3340.0,2026-06-19,3271.0,69.0,2.11,yfinance,取得済み,
2026-06-27,6326.T,JP,2026-06-26,2751.5,2026-06-19,2846.5,-95.0,-3.34,yfinance,取得済み,
2026-06-27,7267.T,JP,2026-06-26,1449.5,2026-06-19,1412.5,37.0,2.62,yfinance,取得済み,
2026-06-27,6501.T,JP,2026-06-26,4478.0,2026-06-19,4764.0,-286.0,-6.0,yfinance,取得済み,
2026-06-27,9861.T,JP,2026-06-26,3060.0,2026-06-19,3017.0,43.0,1.43,yfinance,取得済み,
2026-06-27,7821.T,JP,2026-06-26,1762.0,2026-06-19,1770.0,-8.0,-0.45,yfinance,取得済み,
2026-06-27,1377.T,JP,2026-06-26,4185.0,2026-06-19,4195.0,-10.0,-0.24,yfinance,取得済み,
2026-06-27,6287.T,JP,2026-06-26,2370.0,2026-06-19,2290.0,80.0,3.49,yfinance,取得済み,
2026-06-27,4368.T,JP,2026-06-26,4640.0,2026-06-19,4590.0,50.0,1.09,yfinance,取得済み,
2026-06-27,9432.T,JP,2026-06-26,144.3,2026-06-19,144.4,-0.1,-0.07,yfinance,取得済み,
2026-07-11,AVAV,US,2026-07-10,144.58,2026-07-02,190.89,-46.31,-24.26,yfinance,取得済み,
2026-07-11,AXON,US,2026-07-10,565.8,2026-07-02,597.04,-31.24,-5.23,yfinance,取得済み,
2026-07-11,AUR,US,2026-07-10,6.38,2026-07-02,6.63,-0.25,-3.77,yfinance,取得済み,
2026-07-11,TMDX,US,2026-07-10,71.23,2026-07-02,68.86,2.37,3.44,yfinance,取得済み,
2026-07-11,NOW,US,2026-07-10,107.71,2026-07-02,106.32,1.39,1.31,yfinance,取得済み,
2026-07-11,RDW,US,2026-07-10,10.18,2026-07-02,11.31,-1.13,-9.99,yfinance,取得済み,
2026-07-11,TRMB,US,2026-07-10,52.82,2026-07-02,53.04,-0.22,-0.41,yfinance,取得済み,
2026-07-11,VEEV,US,2026-07-10,190.12,2026-07-02,192.74,-2.62,-1.36,yfinance,取得済み,
2026-07-11,PYPL,US,2026-07-10,46.32,2026-07-02,45.47,0.85,1.87,yfinance,取得済み,
2026-07-11,TEM,US,2026-07-10,58.23,2026-07-02,60.27,-2.04,-3.38,yfinance,取得済み,
2026-07-11,FICO,US,2026-07-10,1250.9,2026-07-02,1270.83,-19.93,-1.57,yfinance,取得済み,
2026-07-11,AAOI,US,2026-07-10,119.92,2026-07-02,120.95,-1.03,-0.85,yfinance,取得済み,
2026-07-11,OUST,US,2026-07-10,43.28,2026-07-02,49.84,-6.56,-13.16,yfinance,取得済み,
2026-07-11,APH,US,2026-07-10,159.06,2026-07-02,164.59,-5.53,-3.36,yfinance,取得済み,
2026-07-11,ASPI,US,2026-07-10,5.01,2026-07-02,5.63,-0.62,-11.01,yfinance,取得済み,
2026-07-11,NBIS,US,2026-07-10,219.65,2026-07-02,215.62,4.03,1.87,yfinance,取得済み,
2026-07-11,EWY,US,2026-07-10,183.52,2026-07-02,180.14,3.38,1.88,yfinance,取得済み,
2026-07-11,ISRG,US,2026-07-10,406.78,2026-07-02,426.01,-19.23,-4.51,yfinance,取得済み,
2026-07-11,SPGI,US,2026-07-10,430.5,2026-07-02,439.89,-9.39,-2.13,yfinance,取得済み,
2026-07-11,MELI,US,2026-07-10,1852.22,2026-07-02,1763.36,88.86,5.04,yfinance,取得済み,
2026-07-11,TMO,US,2026-07-10,527.05,2026-07-02,523.44,3.61,0.69,yfinance,取得済み,
2026-07-11,META,US,2026-07-10,669.21,2026-07-02,582.9,86.31,14.81,yfinance,取得済み,
2026-07-11,IONQ,US,2026-07-10,42.86,2026-07-02,49.12,-6.26,-12.74,yfinance,取得済み,
2026-07-11,RGTI,US,2026-07-10,16.54,2026-07-02,17.94,-1.4,-7.8,yfinance,取得済み,
2026-07-11,SDGR,US,2026-07-10,16.49,2026-07-02,16.88,-0.39,-2.31,yfinance,取得済み,
2026-07-11,RXRX,US,2026-07-10,3.56,2026-07-02,3.8,-0.24,-6.32,yfinance,取得済み,
2026-07-11,QCOM,US,2026-07-10,189.16,2026-07-02,176.25,12.91,7.32,yfinance,取得済み,
2026-07-11,HSAI,US,2026-07-10,16.16,2026-07-02,17.19,-1.03,-5.99,yfinance,取得済み,
2026-07-11,PL,US,2026-07-10,26.05,2026-07-02,31.38,-5.33,-16.99,yfinance,取得済み,
2026-07-11,V,US,2026-07-10,348.97,2026-07-02,362.13,-13.16,-3.63,yfinance,取得済み,
2026-07-11,VRTX,US,2026-07-10,485.39,2026-07-02,528.04,-42.65,-8.08,yfinance,取得済み,
2026-07-11,DIS,US,2026-07-10,95.62,2026-07-02,99.5,-3.88,-3.9,yfinance,取得済み,
2026-07-11,KVYO,US,2026-07-10,16.91,2026-07-02,16.9,0.01,0.06,yfinance,取得済み,
2026-07-11,DKNG,US,2026-07-10,26.48,2026-07-02,25.89,0.59,2.26,yfinance,取得済み,
2026-07-11,CRSP,US,2026-07-10,53.35,2026-07-02,60.08,-6.73,-11.2,yfinance,取得済み,
2026-07-11,BEAM,US,2026-07-10,32.68,2026-07-02,34.79,-2.11,-6.06,yfinance,取得済み,
2026-07-11,ETN,US,2026-07-10,407.28,2026-07-02,398.52,8.76,2.2,yfinance,取得済み,
2026-07-11,MSTR,US,2026-07-10,94.64,2026-07-02,100.77,-6.13,-6.08,yfinance,取得済み,
2026-07-11,POET,US,2026-07-10,8.31,2026-07-02,8.76,-0.45,-5.14,yfinance,取得済み,
2026-07-11,KITT,US,2026-07-10,1.05,2026-07-02,1.13,-0.08,-7.08,yfinance,取得済み,
2026-07-11,AXTI,US,2026-07-10,57.21,2026-07-02,56.62,0.59,1.04,yfinance,取得済み,
2026-07-11,COHR,US,2026-07-10,324.5,2026-07-02,333.36,-8.86,-2.66,yfinance,取得済み,
2026-07-11,ANET,US,2026-07-10,186.96,2026-07-02,159.99,26.97,16.86,yfinance,取得済み,
2026-07-11,DDOG,US,2026-07-10,257.54,2026-07-02,260.36,-2.82,-1.08,yfinance,取得済み,
2026-07-11,SNOW,US,2026-07-10,261.45,2026-07-02,260.15,1.3,0.5,yfinance,取得済み,
2026-07-11,OPTX,US,2026-07-10,9.09,2026-07-02,10.88,-1.78,-16.41,yfinance,取得済み,
2026-07-11,AEM,US,2026-07-10,146.87,2026-07-02,153.86,-6.99,-4.54,yfinance,取得済み,
2026-07-11,ZETA,US,2026-07-10,21.49,2026-07-02,20.7,0.79,3.82,yfinance,取得済み,
2026-07-11,7974.T,JP,2026-07-10,7030.0,2026-07-03,7132.0,-102.0,-1.43,yfinance,取得済み,
2026-07-11,6383.T,JP,2026-07-10,6867.0,2026-07-03,7313.0,-446.0,-6.1,yfinance,取得済み,
2026-07-11,5401.T,JP,2026-07-10,550.2,2026-07-03,548.2,2.0,0.36,yfinance,取得済み,
2026-07-11,4901.T,JP,2026-07-10,3586.0,2026-07-03,3621.0,-35.0,-0.97,yfinance,取得済み,
2026-07-11,3407.T,JP,2026-07-10,1842.0,2026-07-03,1849.0,-7.0,-0.38,yfinance,取得済み,
2026-07-11,3402.T,JP,2026-07-10,1142.5,2026-07-03,1173.5,-31.0,-2.64,yfinance,取得済み,
2026-07-11,3405.T,JP,2026-07-10,1686.0,2026-07-03,1727.0,-41.0,-2.37,yfinance,取得済み,
2026-07-11,2871.T,JP,2026-07-10,2134.0,2026-07-03,2164.0,-30.0,-1.39,yfinance,取得済み,
2026-07-11,8601.T,JP,2026-07-10,1768.5,2026-07-03,1684.0,84.5,5.02,yfinance,取得済み,
2026-07-11,8410.T,JP,2026-07-10,290.2,2026-07-03,288.8,1.4,0.48,yfinance,取得済み,
2026-07-11,6902.T,JP,2026-07-10,1933.5,2026-07-03,1955.5,-22.0,-1.13,yfinance,取得済み,
2026-07-11,6758.T,JP,2026-07-10,3359.0,2026-07-03,3380.0,-21.0,-0.62,yfinance,取得済み,
2026-07-11,5020.T,JP,2026-07-10,1252.0,2026-07-03,1221.0,31.0,2.54,yfinance,取得済み,
2026-07-11,4063.T,JP,2026-07-10,7320.0,2026-07-03,6958.0,362.0,5.2,yfinance,取得済み,
2026-07-11,4042.T,JP,2026-07-10,2705.0,2026-07-03,2826.5,-121.5,-4.3,yfinance,取得済み,
2026-07-11,1911.T,JP,2026-07-10,1321.0,2026-07-03,1361.5,-40.5,-2.97,yfinance,取得済み,
2026-07-11,1928.T,JP,2026-07-10,3455.0,2026-07-03,3445.0,10.0,0.29,yfinance,取得済み,
2026-07-11,6326.T,JP,2026-07-10,2713.5,2026-07-03,2745.5,-32.0,-1.17,yfinance,取得済み,
2026-07-11,7267.T,JP,2026-07-10,1495.5,2026-07-03,1550.0,-54.5,-3.52,yfinance,取得済み,
2026-07-11,6501.T,JP,2026-07-10,4700.0,2026-07-03,4615.0,85.0,1.84,yfinance,取得済み,
2026-07-11,9861.T,JP,2026-07-10,3406.0,2026-07-03,3198.0,208.0,6.5,yfinance,取得済み,
2026-07-11,7821.T,JP,2026-07-10,1849.0,2026-07-03,1845.0,4.0,0.22,yfinance,取得済み,
2026-07-11,1377.T,JP,2026-07-10,4290.0,2026-07-03,4165.0,125.0,3.0,yfinance,取得済み,
2026-07-11,6287.T,JP,2026-07-10,2395.0,2026-07-03,2333.0,62.0,2.66,yfinance,取得済み,
2026-07-11,4368.T,JP,2026-07-10,4040.0,2026-07-03,4330.0,-290.0,-6.7,yfinance,取得済み,
2026-07-11,9432.T,JP,2026-07-10,147.6,2026-07-03,146.1,1.5,1.03,yfinance,取得済み,
2026-07-18,AVAV,US,2026-07-17,142.2,2026-07-10,144.58,-2.38,-1.65,yfinance,取得済み,
2026-07-18,AXON,US,2026-07-17,510.28,2026-07-10,565.8,-55.52,-9.81,yfinance,取得済み,
2026-07-18,AUR,US,2026-07-17,6.06,2026-07-10,6.38,-0.32,-5.02,yfinance,取得済み,
2026-07-18,TMDX,US,2026-07-17,73.98,2026-07-10,71.23,2.75,3.86,yfinance,取得済み,
2026-07-18,NOW,US,2026-07-17,103.24,2026-07-10,107.71,-4.47,-4.15,yfinance,取得済み,
2026-07-18,RDW,US,2026-07-17,8.45,2026-07-10,10.18,-1.73,-16.99,yfinance,取得済み,
2026-07-18,TRMB,US,2026-07-17,52.72,2026-07-10,52.82,-0.1,-0.19,yfinance,取得済み,
2026-07-18,VEEV,US,2026-07-17,195.38,2026-07-10,190.12,5.26,2.77,yfinance,取得済み,
2026-07-18,PYPL,US,2026-07-17,56.56,2026-07-10,46.32,10.24,22.11,yfinance,取得済み,
2026-07-18,TEM,US,2026-07-17,52.47,2026-07-10,58.23,-5.76,-9.89,yfinance,取得済み,
2026-07-18,FICO,US,2026-07-17,1257.11,2026-07-10,1250.9,6.21,0.5,yfinance,取得済み,
2026-07-18,AAOI,US,2026-07-17,102.41,2026-07-10,119.92,-17.51,-14.6,yfinance,取得済み,
2026-07-18,OUST,US,2026-07-17,37.04,2026-07-10,43.28,-6.24,-14.42,yfinance,取得済み,
2026-07-18,APH,US,2026-07-17,151.2,2026-07-10,159.06,-7.86,-4.94,yfinance,取得済み,
2026-07-18,ASPI,US,2026-07-17,3.88,2026-07-10,5.01,-1.14,-22.65,yfinance,取得済み,
2026-07-18,NBIS,US,2026-07-17,177.71,2026-07-10,219.65,-41.94,-19.09,yfinance,取得済み,
2026-07-18,EWY,US,2026-07-17,162.54,2026-07-10,183.52,-20.98,-11.43,yfinance,取得済み,
2026-07-18,ISRG,US,2026-07-17,345.42,2026-07-10,406.78,-61.36,-15.08,yfinance,取得済み,
2026-07-18,SPGI,US,2026-07-17,450.84,2026-07-10,430.5,20.34,4.72,yfinance,取得済み,
2026-07-18,MELI,US,2026-07-17,1813.91,2026-07-10,1852.22,-38.31,-2.07,yfinance,取得済み,
2026-07-18,TMO,US,2026-07-17,532.48,2026-07-10,527.05,5.43,1.03,yfinance,取得済み,
2026-07-18,META,US,2026-07-17,646.01,2026-07-10,669.21,-23.2,-3.47,yfinance,取得済み,
2026-07-18,IONQ,US,2026-07-17,34.78,2026-07-10,42.86,-8.08,-18.85,yfinance,取得済み,
2026-07-18,RGTI,US,2026-07-17,14.11,2026-07-10,16.54,-2.43,-14.69,yfinance,取得済み,
2026-07-18,SDGR,US,2026-07-17,15.32,2026-07-10,16.49,-1.17,-7.1,yfinance,取得済み,
2026-07-18,RXRX,US,2026-07-17,2.94,2026-07-10,3.56,-0.62,-17.28,yfinance,取得済み,
2026-07-18,QCOM,US,2026-07-17,171.78,2026-07-10,189.16,-17.38,-9.19,yfinance,取得済み,
2026-07-18,HSAI,US,2026-07-17,15.0,2026-07-10,16.16,-1.16,-7.18,yfinance,取得済み,
2026-07-18,PL,US,2026-07-17,22.47,2026-07-10,26.05,-3.58,-13.74,yfinance,取得済み,
2026-07-18,V,US,2026-07-17,358.56,2026-07-10,348.97,9.59,2.75,yfinance,取得済み,
2026-07-18,VRTX,US,2026-07-17,485.65,2026-07-10,485.39,0.26,0.05,yfinance,取得済み,
2026-07-18,DIS,US,2026-07-17,97.67,2026-07-10,95.62,2.05,2.14,yfinance,取得済み,
2026-07-18,KVYO,US,2026-07-17,17.67,2026-07-10,16.91,0.76,4.49,yfinance,取得済み,
2026-07-18,DKNG,US,2026-07-17,24.94,2026-07-10,26.48,-1.53,-5.8,yfinance,取得済み,
2026-07-18,CRSP,US,2026-07-17,47.78,2026-07-10,53.35,-5.57,-10.44,yfinance,取得済み,
2026-07-18,BEAM,US,2026-07-17,27.53,2026-07-10,32.68,-5.15,-15.76,yfinance,取得済み,
2026-07-18,ETN,US,2026-07-17,399.99,2026-07-10,407.28,-7.29,-1.79,yfinance,取得済み,
2026-07-18,MSTR,US,2026-07-17,94.85,2026-07-10,94.64,0.21,0.22,yfinance,取得済み,
2026-07-18,POET,US,2026-07-17,7.39,2026-07-10,8.31,-0.92,-11.07,yfinance,取得済み,
2026-07-18,KITT,US,2026-07-17,0.79,2026-07-10,1.05,-0.26,-24.67,yfinance,取得済み,
2026-07-18,AXTI,US,2026-07-17,45.86,2026-07-10,57.21,-11.35,-19.84,yfinance,取得済み,
2026-07-18,COHR,US,2026-07-17,277.6,2026-07-10,324.5,-46.9,-14.45,yfinance,取得済み,
2026-07-18,ANET,US,2026-07-17,168.61,2026-07-10,186.96,-18.35,-9.81,yfinance,取得済み,
2026-07-18,DDOG,US,2026-07-17,258.69,2026-07-10,257.54,1.15,0.45,yfinance,取得済み,
2026-07-18,SNOW,US,2026-07-17,268.9,2026-07-10,261.45,7.45,2.85,yfinance,取得済み,
2026-07-18,OPTX,US,2026-07-17,7.49,2026-07-10,9.09,-1.6,-17.6,yfinance,取得済み,
2026-07-18,AEM,US,2026-07-17,136.97,2026-07-10,146.87,-9.9,-6.74,yfinance,取得済み,
2026-07-18,ZETA,US,2026-07-17,21.68,2026-07-10,21.49,0.19,0.88,yfinance,取得済み,
2026-07-18,7974.T,JP,2026-07-17,7294.0,2026-07-10,7030.0,264.0,3.76,yfinance,取得済み,
2026-07-18,6383.T,JP,2026-07-17,6225.0,2026-07-10,6867.0,-642.0,-9.35,yfinance,取得済み,
2026-07-18,5401.T,JP,2026-07-17,585.6,2026-07-10,550.2,35.4,6.43,yfinance,取得済み,
2026-07-18,4901.T,JP,2026-07-17,3633.0,2026-07-10,3586.0,47.0,1.31,yfinance,取得済み,
2026-07-18,3407.T,JP,2026-07-17,1829.5,2026-07-10,1842.0,-12.5,-0.68,yfinance,取得済み,
2026-07-18,3402.T,JP,2026-07-17,1148.5,2026-07-10,1142.5,6.0,0.53,yfinance,取得済み,
2026-07-18,3405.T,JP,2026-07-17,1774.0,2026-07-10,1686.0,88.0,5.22,yfinance,取得済み,
2026-07-18,2871.T,JP,2026-07-17,2135.5,2026-07-10,2134.0,1.5,0.07,yfinance,取得済み,
2026-07-18,8601.T,JP,2026-07-17,1779.5,2026-07-10,1768.5,11.0,0.62,yfinance,取得済み,
2026-07-18,8410.T,JP,2026-07-17,302.8,2026-07-10,290.2,12.6,4.34,yfinance,取得済み,
2026-07-18,6902.T,JP,2026-07-17,1964.0,2026-07-10,1933.5,30.5,1.58,yfinance,取得済み,
2026-07-18,6758.T,JP,2026-07-17,3470.0,2026-07-10,3359.0,111.0,3.3,yfinance,取得済み,
2026-07-18,5020.T,JP,2026-07-17,1243.5,2026-07-10,1252.0,-8.5,-0.68,yfinance,取得済み,
2026-07-18,4063.T,JP,2026-07-17,7157.0,2026-07-10,7320.0,-163.0,-2.23,yfinance,取得済み,
2026-07-18,4042.T,JP,2026-07-17,2716.0,2026-07-10,2705.0,11.0,0.41,yfinance,取得済み,
2026-07-18,1911.T,JP,2026-07-17,1366.0,2026-07-10,1321.0,45.0,3.41,yfinance,取得済み,
2026-07-18,1928.T,JP,2026-07-17,3546.0,2026-07-10,3455.0,91.0,2.63,yfinance,取得済み,
2026-07-18,6326.T,JP,2026-07-17,2680.0,2026-07-10,2713.5,-33.5,-1.23,yfinance,取得済み,
2026-07-18,7267.T,JP,2026-07-17,1535.5,2026-07-10,1495.5,40.0,2.67,yfinance,取得済み,
2026-07-18,6501.T,JP,2026-07-17,4717.0,2026-07-10,4700.0,17.0,0.36,yfinance,取得済み,
2026-07-18,9861.T,JP,2026-07-17,3652.0,2026-07-10,3406.0,246.0,7.22,yfinance,取得済み,
2026-07-18,7821.T,JP,2026-07-17,1836.0,2026-07-10,1849.0,-13.0,-0.7,yfinance,取得済み,
2026-07-18,1377.T,JP,2026-07-17,4365.0,2026-07-10,4290.0,75.0,1.75,yfinance,取得済み,
2026-07-18,6287.T,JP,2026-07-17,2447.0,2026-07-10,2395.0,52.0,2.17,yfinance,取得済み,
2026-07-18,4368.T,JP,2026-07-17,3885.0,2026-07-10,4040.0,-155.0,-3.84,yfinance,取得済み,
2026-07-18,9432.T,JP,2026-07-17,151.1,2026-07-10,147.6,3.5,2.37,yfinance,取得済み,
2026-07-25,AVAV,US,2026-07-24,149.51,2026-07-17,142.2,7.31,5.14,yfinance,取得済み,
2026-07-25,AXON,US,2026-07-24,502.34,2026-07-17,510.28,-7.94,-1.56,yfinance,取得済み,
2026-07-25,AUR,US,2026-07-24,5.95,2026-07-17,6.06,-0.11,-1.82,yfinance,取得済み,
2026-07-25,TMDX,US,2026-07-24,72.26,2026-07-17,73.98,-1.72,-2.32,yfinance,取得済み,
2026-07-25,NOW,US,2026-07-24,98.78,2026-07-17,103.24,-4.46,-4.32,yfinance,取得済み,
2026-07-25,RDW,US,2026-07-24,8.69,2026-07-17,8.45,0.24,2.84,yfinance,取得済み,
2026-07-25,TRMB,US,2026-07-24,52.91,2026-07-17,52.72,0.19,0.36,yfinance,取得済み,
2026-07-25,VEEV,US,2026-07-24,186.24,2026-07-17,195.38,-9.14,-4.68,yfinance,取得済み,
2026-07-25,PYPL,US,2026-07-24,56.15,2026-07-17,56.56,-0.41,-0.72,yfinance,取得済み,
2026-07-25,TEM,US,2026-07-24,42.69,2026-07-17,52.47,-9.78,-18.64,yfinance,取得済み,
2026-07-25,FICO,US,2026-07-24,1237.37,2026-07-17,1257.11,-19.74,-1.57,yfinance,取得済み,
2026-07-25,AAOI,US,2026-07-24,100.15,2026-07-17,102.41,-2.26,-2.21,yfinance,取得済み,
2026-07-25,OUST,US,2026-07-24,34.04,2026-07-17,37.04,-3.0,-8.1,yfinance,取得済み,
2026-07-25,APH,US,2026-07-24,152.67,2026-07-17,151.2,1.47,0.97,yfinance,取得済み,
2026-07-25,ASPI,US,2026-07-24,3.87,2026-07-17,3.88,-0.01,-0.13,yfinance,取得済み,
2026-07-25,NBIS,US,2026-07-24,187.77,2026-07-17,177.71,10.06,5.66,yfinance,取得済み,
2026-07-25,EWY,US,2026-07-24,162.96,2026-07-17,162.54,0.42,0.26,yfinance,取得済み,
2026-07-25,ISRG,US,2026-07-24,337.5,2026-07-17,345.42,-7.92,-2.29,yfinance,取得済み,
2026-07-25,SPGI,US,2026-07-24,426.4,2026-07-17,450.84,-24.44,-5.42,yfinance,取得済み,
2026-07-25,MELI,US,2026-07-24,1801.44,2026-07-17,1813.91,-12.47,-0.69,yfinance,取得済み,
2026-07-25,TMO,US,2026-07-24,568.26,2026-07-17,532.48,35.78,6.72,yfinance,取得済み,
2026-07-25,META,US,2026-07-24,595.19,2026-07-17,646.01,-50.82,-7.87,yfinance,取得済み,
2026-07-25,IONQ,US,2026-07-24,32.84,2026-07-17,34.78,-1.94,-5.58,yfinance,取得済み,
2026-07-25,RGTI,US,2026-07-24,14.15,2026-07-17,14.11,0.04,0.28,yfinance,取得済み,
2026-07-25,SDGR,US,2026-07-24,14.97,2026-07-17,15.32,-0.35,-2.28,yfinance,取得済み,
2026-07-25,RXRX,US,2026-07-24,2.96,2026-07-17,2.94,0.02,0.51,yfinance,取得済み,
2026-07-25,QCOM,US,2026-07-24,166.97,2026-07-17,171.78,-4.81,-2.8,yfinance,取得済み,
2026-07-25,HSAI,US,2026-07-24,14.6,2026-07-17,15.0,-0.4,-2.67,yfinance,取得済み,
2026-07-25,PL,US,2026-07-24,20.47,2026-07-17,22.47,-2.0,-8.9,yfinance,取得済み,
2026-07-25,V,US,2026-07-24,355.74,2026-07-17,358.56,-2.82,-0.79,yfinance,取得済み,
2026-07-25,VRTX,US,2026-07-24,477.36,2026-07-17,485.65,-8.29,-1.71,yfinance,取得済み,
2026-07-25,DIS,US,2026-07-24,94.85,2026-07-17,97.67,-2.82,-2.89,yfinance,取得済み,
2026-07-25,KVYO,US,2026-07-24,16.4,2026-07-17,17.67,-1.27,-7.19,yfinance,取得済み,
2026-07-25,DKNG,US,2026-07-24,23.01,2026-07-17,24.94,-1.93,-7.74,yfinance,取得済み,
2026-07-25,CRSP,US,2026-07-24,46.54,2026-07-17,47.78,-1.24,-2.6,yfinance,取得済み,
2026-07-25,BEAM,US,2026-07-24,25.1,2026-07-17,27.53,-2.43,-8.83,yfinance,取得済み,
2026-07-25,ETN,US,2026-07-24,404.07,2026-07-17,399.99,4.08,1.02,yfinance,取得済み,
2026-07-25,MSTR,US,2026-07-24,91.67,2026-07-17,94.85,-3.18,-3.35,yfinance,取得済み,
2026-07-25,POET,US,2026-07-24,6.89,2026-07-17,7.39,-0.5,-6.77,yfinance,取得済み,
2026-07-25,KITT,US,2026-07-24,0.77,2026-07-17,0.79,-0.02,-2.65,yfinance,取得済み,
2026-07-25,AXTI,US,2026-07-24,47.23,2026-07-17,45.86,1.37,2.99,yfinance,取得済み,
2026-07-25,COHR,US,2026-07-24,282.39,2026-07-17,277.6,4.79,1.73,yfinance,取得済み,
2026-07-25,ANET,US,2026-07-24,173.99,2026-07-17,168.61,5.38,3.19,yfinance,取得済み,
2026-07-25,DDOG,US,2026-07-24,246.86,2026-07-17,258.69,-11.83,-4.57,yfinance,取得済み,
2026-07-25,SNOW,US,2026-07-24,268.06,2026-07-17,268.9,-0.84,-0.31,yfinance,取得済み,
2026-07-25,OPTX,US,2026-07-24,7.05,2026-07-17,7.49,-0.44,-5.87,yfinance,取得済み,
2026-07-25,AEM,US,2026-07-24,145.13,2026-07-17,136.97,8.16,5.96,yfinance,取得済み,
2026-07-25,ZETA,US,2026-07-24,19.13,2026-07-17,21.68,-2.55,-11.76,yfinance,取得済み,
2026-07-25,7974.T,JP,2026-07-24,6969.0,2026-07-17,7294.0,-325.0,-4.46,yfinance,取得済み,
2026-07-25,6383.T,JP,2026-07-24,6202.0,2026-07-17,6225.0,-23.0,-0.37,yfinance,取得済み,
2026-07-25,5401.T,JP,2026-07-24,616.9,2026-07-17,585.6,31.3,5.34,yfinance,取得済み,
2026-07-25,4901.T,JP,2026-07-24,3626.0,2026-07-17,3633.0,-7.0,-0.19,yfinance,取得済み,
2026-07-25,3407.T,JP,2026-07-24,1845.5,2026-07-17,1829.5,16.0,0.87,yfinance,取得済み,
2026-07-25,3402.T,JP,2026-07-24,1154.0,2026-07-17,1148.5,5.5,0.48,yfinance,取得済み,
2026-07-25,3405.T,JP,2026-07-24,1819.5,2026-07-17,1774.0,45.5,2.56,yfinance,取得済み,
2026-07-25,2871.T,JP,2026-07-24,2150.0,2026-07-17,2135.5,14.5,0.68,yfinance,取得済み,
2026-07-25,8601.T,JP,2026-07-24,1857.0,2026-07-17,1779.5,77.5,4.36,yfinance,取得済み,
2026-07-25,8410.T,JP,2026-07-24,310.6,2026-07-17,302.8,7.8,2.58,yfinance,取得済み,
2026-07-25,6902.T,JP,2026-07-24,1977.0,2026-07-17,1964.0,13.0,0.66,yfinance,取得済み,
2026-07-25,6758.T,JP,2026-07-24,3409.0,2026-07-17,3470.0,-61.0,-1.76,yfinance,取得済み,
2026-07-25,5020.T,JP,2026-07-24,1320.0,2026-07-17,1243.5,76.5,6.15,yfinance,取得済み,
2026-07-25,4063.T,JP,2026-07-24,6702.0,2026-07-17,7157.0,-455.0,-6.36,yfinance,取得済み,
2026-07-25,4042.T,JP,2026-07-24,2816.0,2026-07-17,2716.0,100.0,3.68,yfinance,取得済み,
2026-07-25,1911.T,JP,2026-07-24,1319.0,2026-07-17,1366.0,-47.0,-3.44,yfinance,取得済み,
2026-07-25,1928.T,JP,2026-07-24,3536.0,2026-07-17,3546.0,-10.0,-0.28,yfinance,取得済み,
2026-07-25,6326.T,JP,2026-07-24,2797.0,2026-07-17,2680.0,117.0,4.37,yfinance,取得済み,
2026-07-25,7267.T,JP,2026-07-24,1536.0,2026-07-17,1535.5,0.5,0.03,yfinance,取得済み,
2026-07-25,6501.T,JP,2026-07-24,4850.0,2026-07-17,4717.0,133.0,2.82,yfinance,取得済み,
2026-07-25,9861.T,JP,2026-07-24,3612.0,2026-07-17,3652.0,-40.0,-1.1,yfinance,取得済み,
2026-07-25,7821.T,JP,2026-07-24,1843.0,2026-07-17,1836.0,7.0,0.38,yfinance,取得済み,
2026-07-25,1377.T,JP,2026-07-24,4405.0,2026-07-17,4365.0,40.0,0.92,yfinance,取得済み,
2026-07-25,6287.T,JP,2026-07-24,2431.0,2026-07-17,2447.0,-16.0,-0.65,yfinance,取得済み,
2026-07-25,4368.T,JP,2026-07-24,3935.0,2026-07-17,3885.0,50.0,1.29,yfinance,取得済み,
2026-07-25,9432.T,JP,2026-07-24,151.3,2026-07-17,151.1,0.2,0.13,yfinance,取得済み,
2026-08-01,AVAV,US,2026-07-31,149.37,2026-07-24,149.51,-0.14,-0.09,yfinance,取得済み,
2026-08-01,AXON,US,2026-07-31,527.76,2026-07-24,502.34,25.42,5.06,yfinance,取得済み,
2026-08-01,AUR,US,2026-07-31,6.45,2026-07-24,5.95,0.5,8.4,yfinance,取得済み,
2026-08-01,TMDX,US,2026-07-31,76.51,2026-07-24,72.26,4.25,5.88,yfinance,取得済み,
2026-08-01,NOW,US,2026-07-31,111.23,2026-07-24,98.78,12.45,12.6,yfinance,取得済み,
2026-08-01,RDW,US,2026-07-31,8.62,2026-07-24,8.69,-0.07,-0.81,yfinance,取得済み,
2026-08-01,TRMB,US,2026-07-31,56.58,2026-07-24,52.91,3.67,6.94,yfinance,取得済み,
2026-08-01,VEEV,US,2026-07-31,203.78,2026-07-24,186.24,17.54,9.42,yfinance,取得済み,
2026-08-01,PYPL,US,2026-07-31,57.21,2026-07-24,56.15,1.06,1.89,yfinance,取得済み,
2026-08-01,TEM,US,2026-07-31,43.87,2026-07-24,42.69,1.18,2.76,yfinance,取得済み,
2026-08-01,FICO,US,2026-07-31,1122.97,2026-07-24,1237.37,-114.4,-9.25,yfinance,取得済み,
2026-08-01,AAOI,US,2026-07-31,94.32,2026-07-24,100.15,-5.83,-5.82,yfinance,取得済み,
2026-08-01,OUST,US,2026-07-31,39.01,2026-07-24,34.04,4.97,14.6,yfinance,取得済み,
2026-08-01,APH,US,2026-07-31,160.7,2026-07-24,152.67,8.03,5.26,yfinance,取得済み,
2026-08-01,ASPI,US,2026-07-31,4.0,2026-07-24,3.87,0.13,3.36,yfinance,取得済み,
2026-08-01,NBIS,US,2026-07-31,190.41,2026-07-24,187.77,2.64,1.41,yfinance,取得済み,
2026-08-01,EWY,US,2026-07-31,157.1,2026-07-24,162.96,-5.86,-3.6,yfinance,取得済み,
2026-08-01,ISRG,US,2026-07-31,353.33,2026-07-24,337.5,15.83,4.69,yfinance,取得済み,
2026-08-01,SPGI,US,2026-07-31,411.93,2026-07-24,426.4,-14.47,-3.39,yfinance,取得済み,
2026-08-01,MELI,US,2026-07-31,1877.95,2026-07-24,1801.44,76.51,4.25,yfinance,取得済み,
2026-08-01,TMO,US,2026-07-31,574.3,2026-07-24,568.26,6.04,1.06,yfinance,取得済み,
2026-08-01,META,US,2026-07-31,556.71,2026-07-24,595.19,-38.48,-6.47,yfinance,取得済み,
2026-08-01,IONQ,US,2026-07-31,36.44,2026-07-24,32.84,3.6,10.96,yfinance,取得済み,
2026-08-01,RGTI,US,2026-07-31,14.95,2026-07-24,14.15,0.8,5.65,yfinance,取得済み,
2026-08-01,SDGR,US,2026-07-31,15.14,2026-07-24,14.97,0.17,1.14,yfinance,取得済み,
2026-08-01,RXRX,US,2026-07-31,3.0,2026-07-24,2.96,0.04,1.35,yfinance,取得済み,
2026-08-01,QCOM,US,2026-07-31,147.61,2026-07-24,166.97,-19.36,-11.59,yfinance,取得済み,
2026-08-01,HSAI,US,2026-07-31,16.9,2026-07-24,14.6,2.3,15.75,yfinance,取得済み,
2026-08-01,PL,US,2026-07-31,20.48,2026-07-24,20.47,0.01,0.05,yfinance,取得済み,
2026-08-01,V,US,2026-07-31,366.13,2026-07-24,355.74,10.39,2.92,yfinance,取得済み,
2026-08-01,VRTX,US,2026-07-31,477.1,2026-07-24,477.36,-0.26,-0.05,yfinance,取得済み,
2026-08-01,DIS,US,2026-07-31,96.19,2026-07-24,94.85,1.34,1.41,yfinance,取得済み,
2026-08-01,KVYO,US,2026-07-31,17.84,2026-07-24,16.4,1.44,8.78,yfinance,取得済み,
2026-08-01,DKNG,US,2026-07-31,23.48,2026-07-24,23.01,0.47,2.04,yfinance,取得済み,
2026-08-01,CRSP,US,2026-07-31,47.99,2026-07-24,46.54,1.45,3.12,yfinance,取得済み,
2026-08-01,BEAM,US,2026-07-31,25.52,2026-07-24,25.1,0.42,1.67,yfinance,取得済み,
2026-08-01,ETN,US,2026-07-31,415.2,2026-07-24,404.07,11.13,2.75,yfinance,取得済み,
2026-08-01,MSTR,US,2026-07-31,93.28,2026-07-24,91.67,1.61,1.76,yfinance,取得済み,
2026-08-01,POET,US,2026-07-31,6.99,2026-07-24,6.89,0.1,1.45,yfinance,取得済み,
2026-08-01,KITT,US,2026-07-31,0.87,2026-07-24,0.77,0.1,13.38,yfinance,取得済み,
2026-08-01,AXTI,US,2026-07-31,60.43,2026-07-24,47.23,13.2,27.95,yfinance,取得済み,
2026-08-01,COHR,US,2026-07-31,262.89,2026-07-24,282.39,-19.5,-6.91,yfinance,取得済み,
2026-08-01,ANET,US,2026-07-31,180.35,2026-07-24,173.99,6.36,3.66,yfinance,取得済み,
2026-08-01,DDOG,US,2026-07-31,267.97,2026-07-24,246.86,21.11,8.55,yfinance,取得済み,
2026-08-01,SNOW,US,2026-07-31,293.28,2026-07-24,268.06,25.22,9.41,yfinance,取得済み,
2026-08-01,OPTX,US,2026-07-31,6.53,2026-07-24,7.05,-0.52,-7.38,yfinance,取得済み,
2026-08-01,AEM,US,2026-07-31,145.27,2026-07-24,145.13,0.14,0.1,yfinance,取得済み,
2026-08-01,ZETA,US,2026-07-31,21.6,2026-07-24,19.13,2.47,12.91,yfinance,取得済み,
2026-08-01,7974.T,JP,2026-07-31,7679.0,2026-07-24,6969.0,710.0,10.19,yfinance,取得済み,
2026-08-01,6383.T,JP,2026-07-31,5983.0,2026-07-24,6202.0,-219.0,-3.53,yfinance,取得済み,
2026-08-01,5401.T,JP,2026-07-31,649.6,2026-07-24,616.9,32.7,5.3,yfinance,取得済み,
2026-08-01,4901.T,JP,2026-07-31,3772.0,2026-07-24,3626.0,146.0,4.03,yfinance,取得済み,
2026-08-01,3407.T,JP,2026-07-31,1722.5,2026-07-24,1845.5,-123.0,-6.66,yfinance,取得済み,
2026-08-01,3402.T,JP,2026-07-31,1158.0,2026-07-24,1154.0,4.0,0.35,yfinance,取得済み,
2026-08-01,3405.T,JP,2026-07-31,1840.0,2026-07-24,1819.5,20.5,1.13,yfinance,取得済み,
2026-08-01,2871.T,JP,2026-07-31,2203.5,2026-07-24,2150.0,53.5,2.49,yfinance,取得済み,
2026-08-01,8601.T,JP,2026-07-31,1807.0,2026-07-24,1857.0,-50.0,-2.69,yfinance,取得済み,
2026-08-01,8410.T,JP,2026-07-31,318.6,2026-07-24,310.6,8.0,2.58,yfinance,取得済み,
2026-08-01,6902.T,JP,2026-07-31,1967.5,2026-07-24,1977.0,-9.5,-0.48,yfinance,取得済み,
2026-08-01,6758.T,JP,2026-07-31,3787.0,2026-07-24,3409.0,378.0,11.09,yfinance,取得済み,
2026-08-01,5020.T,JP,2026-07-31,1327.5,2026-07-24,1320.0,7.5,0.57,yfinance,取得済み,
2026-08-01,4063.T,JP,2026-07-31,5800.0,2026-07-24,6702.0,-902.0,-13.46,yfinance,取得済み,
2026-08-01,4042.T,JP,2026-07-31,2710.5,2026-07-24,2816.0,-105.5,-3.75,yfinance,取得済み,
2026-08-01,1911.T,JP,2026-07-31,1347.5,2026-07-24,1319.0,28.5,2.16,yfinance,取得済み,
2026-08-01,1928.T,JP,2026-07-31,3488.0,2026-07-24,3536.0,-48.0,-1.36,yfinance,取得済み,
2026-08-01,6326.T,JP,2026-07-31,2745.5,2026-07-24,2797.0,-51.5,-1.84,yfinance,取得済み,
2026-08-01,7267.T,JP,2026-07-31,1625.5,2026-07-24,1536.0,89.5,5.83,yfinance,取得済み,
2026-08-01,6501.T,JP,2026-07-31,5267.0,2026-07-24,4850.0,417.0,8.6,yfinance,取得済み,
2026-08-01,9861.T,JP,2026-07-31,3843.0,2026-07-24,3612.0,231.0,6.4,yfinance,取得済み,
2026-08-01,7821.T,JP,2026-07-31,1965.0,2026-07-24,1843.0,122.0,6.62,yfinance,取得済み,
2026-08-01,1377.T,JP,2026-07-31,4315.0,2026-07-24,4405.0,-90.0,-2.04,yfinance,取得済み,
2026-08-01,6287.T,JP,2026-07-31,2448.0,2026-07-24,2431.0,17.0,0.7,yfinance,取得済み,
2026-08-01,4368.T,JP,2026-07-31,3745.0,2026-07-24,3935.0,-190.0,-4.83,yfinance,取得済み,
2026-08-01,9432.T,JP,2026-07-31,152.4,2026-07-24,151.3,1.1,0.73,yfinance,取得済み,
2026-08-08,AVAV,US,2026-08-07,186.73,2026-07-31,149.37,37.36,25.01,yfinance,取得済み,
2026-08-08,AXON,US,2026-08-07,571.01,2026-07-31,527.76,43.25,8.2,yfinance,取得済み,
2026-08-08,AUR,US,2026-08-07,7.06,2026-07-31,6.45,0.61,9.46,yfinance,取得済み,
2026-08-08,TMDX,US,2026-08-07,83.89,2026-07-31,76.51,7.38,9.65,yfinance,取得済み,
2026-08-08,NOW,US,2026-08-07,124.88,2026-07-31,111.23,13.65,12.27,yfinance,取得済み,
2026-08-08,RDW,US,2026-08-07,13.59,2026-07-31,8.62,4.97,57.66,yfinance,取得済み,
2026-08-08,TRMB,US,2026-08-07,59.51,2026-07-31,56.58,2.93,5.18,yfinance,取得済み,
2026-08-08,VEEV,US,2026-08-07,230.47,2026-07-31,203.78,26.69,13.1,yfinance,取得済み,
2026-08-08,PYPL,US,2026-08-07,59.07,2026-07-31,57.21,1.86,3.25,yfinance,取得済み,
2026-08-08,TEM,US,2026-08-07,52.05,2026-07-31,43.87,8.18,18.65,yfinance,取得済み,
2026-08-08,FICO,US,2026-08-07,1041.4,2026-07-31,1122.97,-81.57,-7.26,yfinance,取得済み,
2026-08-08,AAOI,US,2026-08-07,135.63,2026-07-31,94.32,41.31,43.8,yfinance,取得済み,
2026-08-08,OUST,US,2026-08-07,43.4,2026-07-31,39.01,4.39,11.25,yfinance,取得済み,
2026-08-08,APH,US,2026-08-07,169.18,2026-07-31,160.7,8.48,5.28,yfinance,取得済み,
2026-08-08,ASPI,US,2026-08-07,4.43,2026-07-31,4.0,0.43,10.75,yfinance,取得済み,
2026-08-08,NBIS,US,2026-08-07,187.97,2026-07-31,190.41,-2.44,-1.28,yfinance,取得済み,
2026-08-08,EWY,US,2026-08-07,166.09,2026-07-31,157.1,8.99,5.72,yfinance,取得済み,
2026-08-08,ISRG,US,2026-08-07,378.81,2026-07-31,353.33,25.48,7.21,yfinance,取得済み,
2026-08-08,SPGI,US,2026-08-07,408.19,2026-07-31,411.93,-3.74,-0.91,yfinance,取得済み,
2026-08-08,MELI,US,2026-08-07,1820.69,2026-07-31,1877.95,-57.26,-3.05,yfinance,取得済み,
2026-08-08,TMO,US,2026-08-07,594.0,2026-07-31,574.3,19.7,3.43,yfinance,取得済み,
2026-08-08,META,US,2026-08-07,592.1,2026-07-31,556.71,35.39,6.36,yfinance,取得済み,
2026-08-08,IONQ,US,2026-08-07,44.43,2026-07-31,36.44,7.99,21.93,yfinance,取得済み,
2026-08-08,RGTI,US,2026-08-07,17.94,2026-07-31,14.95,2.99,20.0,yfinance,取得済み,
2026-08-08,SDGR,US,2026-08-07,18.16,2026-07-31,15.14,3.02,19.95,yfinance,取得済み,
2026-08-08,RXRX,US,2026-08-07,3.22,2026-07-31,3.0,0.22,7.33,yfinance,取得済み,
2026-08-08,QCOM,US,2026-08-07,167.86,2026-07-31,147.61,20.25,13.72,yfinance,取得済み,
2026-08-08,HSAI,US,2026-08-07,19.22,2026-07-31,16.9,2.32,13.73,yfinance,取得済み,
2026-08-08,PL,US,2026-08-07,23.93,2026-07-31,20.48,3.45,16.85,yfinance,取得済み,
2026-08-08,V,US,2026-08-07,362.5,2026-07-31,366.13,-3.63,-0.99,yfinance,取得済み,
2026-08-08,VRTX,US,2026-08-07,496.07,2026-07-31,477.1,18.97,3.98,yfinance,取得済み,
2026-08-08,DIS,US,2026-08-07,104.91,2026-07-31,96.19,8.72,9.07,yfinance,取得済み,
2026-08-08,KVYO,US,2026-08-07,16.62,2026-07-31,17.84,-1.22,-6.84,yfinance,取得済み,
2026-08-08,DKNG,US,2026-08-07,24.03,2026-07-31,23.48,0.55,2.34,yfinance,取得済み,
2026-08-08,CRSP,US,2026-08-07,53.52,2026-07-31,47.99,5.53,11.52,yfinance,取得済み,
2026-08-08,BEAM,US,2026-08-07,27.48,2026-07-31,25.52,1.96,7.68,yfinance,取得済み,
2026-08-08,ETN,US,2026-08-07,448.68,2026-07-31,415.2,33.48,8.06,yfinance,取得済み,
2026-08-08,MSTR,US,2026-08-07,100.01,2026-07-31,93.28,6.73,7.21,yfinance,取得済み,
2026-08-08,POET,US,2026-08-07,8.91,2026-07-31,6.99,1.92,27.47,yfinance,取得済み,
2026-08-08,KITT,US,2026-08-07,1.08,2026-07-31,0.87,0.21,23.71,yfinance,取得済み,
2026-08-08,AXTI,US,2026-08-07,88.58,2026-07-31,60.43,28.15,46.58,yfinance,取得済み,
2026-08-08,COHR,US,2026-08-07,379.13,2026-07-31,262.89,116.24,44.22,yfinance,取得済み,
2026-08-08,ANET,US,2026-08-07,188.67,2026-07-31,180.35,8.32,4.61,yfinance,取得済み,
2026-08-08,DDOG,US,2026-08-07,233.93,2026-07-31,267.97,-34.04,-12.7,yfinance,取得済み,
2026-08-08,SNOW,US,2026-08-07,330.49,2026-07-31,293.28,37.21,12.69,yfinance,取得済み,
2026-08-08,OPTX,US,2026-08-07,7.79,2026-07-31,6.53,1.26,19.3,yfinance,取得済み,
2026-08-08,AEM,US,2026-08-07,178.82,2026-07-31,145.27,33.55,23.09,yfinance,取得済み,
2026-08-08,ZETA,US,2026-08-07,26.64,2026-07-31,21.6,5.04,23.33,yfinance,取得済み,
2026-08-08,7974.T,JP,2026-08-07,8043.0,2026-07-31,7679.0,364.0,4.74,yfinance,取得済み,
2026-08-08,6383.T,JP,2026-08-07,6176.0,2026-07-31,5983.0,193.0,3.23,yfinance,取得済み,
2026-08-08,5401.T,JP,2026-08-07,697.5,2026-07-31,649.6,47.9,7.37,yfinance,取得済み,
2026-08-08,4901.T,JP,2026-08-07,3236.0,2026-07-31,3772.0,-536.0,-14.21,yfinance,取得済み,
2026-08-08,3407.T,JP,2026-08-07,1692.0,2026-07-31,1722.5,-30.5,-1.77,yfinance,取得済み,
2026-08-08,3402.T,JP,2026-08-07,1355.0,2026-07-31,1158.0,197.0,17.01,yfinance,取得済み,
2026-08-08,3405.T,JP,2026-08-07,1954.5,2026-07-31,1840.0,114.5,6.22,yfinance,取得済み,
2026-08-08,2871.T,JP,2026-08-07,2226.5,2026-07-31,2203.5,23.0,1.04,yfinance,取得済み,
2026-08-08,8601.T,JP,2026-08-07,1818.5,2026-07-31,1807.0,11.5,0.64,yfinance,取得済み,
2026-08-08,8410.T,JP,2026-08-07,325.0,2026-07-31,318.6,6.4,2.01,yfinance,取得済み,
2026-08-08,6902.T,JP,2026-08-07,1929.5,2026-07-31,1967.5,-38.0,-1.93,yfinance,取得済み,
2026-08-08,6758.T,JP,2026-08-07,3721.0,2026-07-31,3787.0,-66.0,-1.74,yfinance,取得済み,
2026-08-08,5020.T,JP,2026-08-07,1349.5,2026-07-31,1327.5,22.0,1.66,yfinance,取得済み,
2026-08-08,4063.T,JP,2026-08-07,6116.0,2026-07-31,5800.0,316.0,5.45,yfinance,取得済み,
2026-08-08,4042.T,JP,2026-08-07,2722.0,2026-07-31,2710.5,11.5,0.42,yfinance,取得済み,
2026-08-08,1911.T,JP,2026-08-07,1347.0,2026-07-31,1347.5,-0.5,-0.04,yfinance,取得済み,
2026-08-08,1928.T,JP,2026-08-07,3427.0,2026-07-31,3488.0,-61.0,-1.75,yfinance,取得済み,
2026-08-08,6326.T,JP,2026-08-07,2760.0,2026-07-31,2745.5,14.5,0.53,yfinance,取得済み,
2026-08-08,7267.T,JP,2026-08-07,1683.0,2026-07-31,1625.5,57.5,3.54,yfinance,取得済み,
2026-08-08,6501.T,JP,2026-08-07,5620.0,2026-07-31,5267.0,353.0,6.7,yfinance,取得済み,
2026-08-08,9861.T,JP,2026-08-07,3771.0,2026-07-31,3843.0,-72.0,-1.87,yfinance,取得済み,
2026-08-08,7821.T,JP,2026-08-07,1949.0,2026-07-31,1965.0,-16.0,-0.81,yfinance,取得済み,
2026-08-08,1377.T,JP,2026-08-07,4400.0,2026-07-31,4315.0,85.0,1.97,yfinance,取得済み,
2026-08-08,6287.T,JP,2026-08-07,2593.0,2026-07-31,2448.0,145.0,5.92,yfinance,取得済み,
2026-08-08,4368.T,JP,2026-08-07,3810.0,2026-07-31,3745.0,65.0,1.74,yfinance,取得済み,
2026-08-08,9432.T,JP,2026-08-07,158.5,2026-07-31,152.4,6.1,4.0,yfinance,取得済み,
2026-08-15,AVAV,US,2026-08-14,192.81,2026-08-07,186.73,6.08,3.26,yfinance,取得済み,
2026-08-15,AXON,US,2026-08-14,612.83,2026-08-07,571.01,41.82,7.32,yfinance,取得済み,
2026-08-15,AUR,US,2026-08-14,6.99,2026-08-07,7.06,-0.07,-0.99,yfinance,取得済み,
2026-08-15,TMDX,US,2026-08-14,88.58,2026-08-07,83.89,4.69,5.59,yfinance,取得済み,
2026-08-15,NOW,US,2026-08-14,124.0,2026-08-07,124.88,-0.88,-0.7,yfinance,取得済み,
2026-08-15,RDW,US,2026-08-14,13.58,2026-08-07,13.59,-0.01,-0.07,yfinance,取得済み,
2026-08-15,TRMB,US,2026-08-14,57.6,2026-08-07,59.51,-1.91,-3.21,yfinance,取得済み,
2026-08-15,VEEV,US,2026-08-14,243.75,2026-08-07,230.47,13.28,5.76,yfinance,取得済み,
2026-08-15,PYPL,US,2026-08-14,61.66,2026-08-07,59.07,2.59,4.38,yfinance,取得済み,
2026-08-15,TEM,US,2026-08-14,52.1,2026-08-07,52.05,0.05,0.1,yfinance,取得済み,
2026-08-15,FICO,US,2026-08-14,1085.78,2026-08-07,1041.4,44.38,4.26,yfinance,取得済み,
2026-08-15,AAOI,US,2026-08-14,150.28,2026-08-07,135.63,14.65,10.8,yfinance,取得済み,
2026-08-15,OUST,US,2026-08-14,48.71,2026-08-07,43.4,5.31,12.24,yfinance,取得済み,
2026-08-15,APH,US,2026-08-14,167.11,2026-08-07,169.18,-2.07,-1.22,yfinance,取得済み,
2026-08-15,ASPI,US,2026-08-14,4.27,2026-08-07,4.43,-0.16,-3.61,yfinance,取得済み,
2026-08-15,NBIS,US,2026-08-14,277.68,2026-08-07,187.97,89.71,47.73,yfinance,取得済み,
2026-08-15,EWY,US,2026-08-14,179.74,2026-08-07,166.09,13.65,8.22,yfinance,取得済み,
2026-08-15,ISRG,US,2026-08-14,394.51,2026-08-07,378.81,15.7,4.14,yfinance,取得済み,
2026-08-15,SPGI,US,2026-08-14,418.8,2026-08-07,408.19,10.61,2.6,yfinance,取得済み,
2026-08-15,MELI,US,2026-08-14,1844.58,2026-08-07,1820.69,23.89,1.31,yfinance,取得済み,
2026-08-15,TMO,US,2026-08-14,588.29,2026-08-07,594.0,-5.71,-0.96,yfinance,取得済み,
2026-08-15,META,US,2026-08-14,589.85,2026-08-07,592.1,-2.25,-0.38,yfinance,取得済み,
2026-08-15,IONQ,US,2026-08-14,46.26,2026-08-07,44.43,1.83,4.12,yfinance,取得済み,
2026-08-15,RGTI,US,2026-08-14,18.82,2026-08-07,17.94,0.88,4.91,yfinance,取得済み,
2026-08-15,SDGR,US,2026-08-14,17.59,2026-08-07,18.16,-0.57,-3.14,yfinance,取得済み,
2026-08-15,RXRX,US,2026-08-14,3.16,2026-08-07,3.22,-0.06,-1.86,yfinance,取得済み,
2026-08-15,QCOM,US,2026-08-14,165.79,2026-08-07,167.86,-2.07,-1.23,yfinance,取得済み,
2026-08-15,HSAI,US,2026-08-14,18.21,2026-08-07,19.22,-1.01,-5.25,yfinance,取得済み,
2026-08-15,PL,US,2026-08-14,24.69,2026-08-07,23.93,0.76,3.18,yfinance,取得済み,
2026-08-15,V,US,2026-08-14,364.15,2026-08-07,362.5,1.65,0.46,yfinance,取得済み,
2026-08-15,VRTX,US,2026-08-14,505.75,2026-08-07,496.07,9.68,1.95,yfinance,取得済み,
2026-08-15,DIS,US,2026-08-14,106.85,2026-08-07,104.91,1.94,1.85,yfinance,取得済み,
2026-08-15,KVYO,US,2026-08-14,18.49,2026-08-07,16.62,1.87,11.25,yfinance,取得済み,
2026-08-15,DKNG,US,2026-08-14,26.14,2026-08-07,24.03,2.11,8.78,yfinance,取得済み,
2026-08-15,CRSP,US,2026-08-14,53.55,2026-08-07,53.52,0.03,0.06,yfinance,取得済み,
2026-08-15,BEAM,US,2026-08-14,26.75,2026-08-07,27.48,-0.73,-2.66,yfinance,取得済み,
2026-08-15,ETN,US,2026-08-14,451.51,2026-08-07,448.68,2.83,0.63,yfinance,取得済み,
2026-08-15,MSTR,US,2026-08-14,93.04,2026-08-07,100.01,-6.97,-6.97,yfinance,取得済み,
2026-08-15,POET,US,2026-08-14,9.58,2026-08-07,8.91,0.67,7.52,yfinance,取得済み,
2026-08-15,KITT,US,2026-08-14,0.91,2026-08-07,1.08,-0.17,-15.48,yfinance,取得済み,
2026-08-15,AXTI,US,2026-08-14,81.64,2026-08-07,88.58,-6.94,-7.83,yfinance,取得済み,
2026-08-15,COHR,US,2026-08-14,325.83,2026-08-07,379.13,-53.3,-14.06,yfinance,取得済み,
2026-08-15,ANET,US,2026-08-14,198.82,2026-08-07,188.67,10.15,5.38,yfinance,取得済み,
2026-08-15,DDOG,US,2026-08-14,255.46,2026-08-07,233.93,21.53,9.2,yfinance,取得済み,
2026-08-15,SNOW,US,2026-08-14,328.92,2026-08-07,330.49,-1.57,-0.48,yfinance,取得済み,
2026-08-15,OPTX,US,2026-08-14,8.81,2026-08-07,7.79,1.02,13.09,yfinance,取得済み,
2026-08-15,AEM,US,2026-08-14,186.46,2026-08-07,178.82,7.64,4.27,yfinance,取得済み,
2026-08-15,ZETA,US,2026-08-14,29.05,2026-08-07,26.64,2.41,9.05,yfinance,取得済み,
2026-08-15,7974.T,JP,2026-08-14,8900.0,2026-08-07,8043.0,857.0,10.66,yfinance,取得済み,
2026-08-15,6383.T,JP,2026-08-13,6322.0,2026-08-06,6177.0,145.0,2.35,yfinance,取得済み,
2026-08-15,5401.T,JP,2026-08-13,677.7,2026-08-06,683.5,-5.8,-0.85,yfinance,取得済み,
2026-08-15,4901.T,JP,2026-08-14,3329.0,2026-08-07,3236.0,93.0,2.87,yfinance,取得済み,
2026-08-15,3407.T,JP,2026-08-14,1702.0,2026-08-07,1692.0,10.0,0.59,yfinance,取得済み,
2026-08-15,3402.T,JP,2026-08-14,1354.5,2026-08-07,1355.0,-0.5,-0.04,yfinance,取得済み,
2026-08-15,3405.T,JP,2026-08-14,1881.5,2026-08-07,1954.5,-73.0,-3.73,yfinance,取得済み,
2026-08-15,2871.T,JP,2026-08-14,2188.5,2026-08-07,2226.5,-38.0,-1.71,yfinance,取得済み,
2026-08-15,8601.T,JP,2026-08-14,1801.0,2026-08-07,1818.5,-17.5,-0.96,yfinance,取得済み,
2026-08-15,8410.T,JP,2026-08-14,336.1,2026-08-07,325.0,11.1,3.42,yfinance,取得済み,
2026-08-15,6902.T,JP,2026-08-14,1955.0,2026-08-07,1929.5,25.5,1.32,yfinance,取得済み,
2026-08-15,6758.T,JP,2026-08-13,3700.0,2026-08-06,3626.0,74.0,2.04,yfinance,取得済み,
2026-08-15,5020.T,JP,2026-08-13,1282.5,2026-08-06,1300.0,-17.5,-1.35,yfinance,取得済み,
2026-08-15,4063.T,JP,2026-08-14,6372.0,2026-08-07,6116.0,256.0,4.19,yfinance,取得済み,
2026-08-15,4042.T,JP,2026-08-14,2750.0,2026-08-07,2722.0,28.0,1.03,yfinance,取得済み,
2026-08-15,1911.T,JP,2026-08-13,1337.0,2026-08-06,1353.0,-16.0,-1.18,yfinance,取得済み,
2026-08-15,1928.T,JP,2026-08-13,3426.0,2026-08-06,3415.0,11.0,0.32,yfinance,取得済み,
2026-08-15,6326.T,JP,2026-08-13,2750.0,2026-08-06,2684.0,66.0,2.46,yfinance,取得済み,
2026-08-15,7267.T,JP,2026-08-13,1647.5,2026-08-06,1635.5,12.0,0.73,yfinance,取得済み,
2026-08-15,6501.T,JP,2026-08-13,5702.0,2026-08-06,5500.0,202.0,3.67,yfinance,取得済み,
2026-08-15,9861.T,JP,2026-08-14,3779.0,2026-08-07,3771.0,8.0,0.21,yfinance,取得済み,
2026-08-15,7821.T,JP,2026-08-13,2002.0,2026-08-06,2009.0,-7.0,-0.35,yfinance,取得済み,
2026-08-15,1377.T,JP,2026-08-13,4400.0,2026-08-06,4355.0,45.0,1.03,yfinance,取得済み,
2026-08-15,6287.T,JP,2026-08-14,2791.0,2026-08-07,2593.0,198.0,7.64,yfinance,取得済み,
2026-08-15,4368.T,JP,2026-08-14,3435.0,2026-08-07,3810.0,-375.0,-9.84,yfinance,取得済み,
2026-08-15,9432.T,JP,2026-08-13,160.5,2026-08-06,154.5,6.0,3.88,yfinance,取得済み,
2026-08-22,AVAV,US,2026-08-21,160.22,2026-08-14,192.81,-32.59,-16.9,yfinance,取得済み,
2026-08-22,AXON,US,2026-08-21,627.75,2026-08-14,612.83,14.92,2.43,yfinance,取得済み,
2026-08-22,AUR,US,2026-08-21,6.24,2026-08-14,6.99,-0.75,-10.73,yfinance,取得済み,
2026-08-22,TMDX,US,2026-08-21,94.77,2026-08-14,88.58,6.19,6.99,yfinance,取得済み,
2026-08-22,NOW,US,2026-08-21,128.48,2026-08-14,124.0,4.48,3.61,yfinance,取得済み,
2026-08-22,RDW,US,2026-08-21,12.02,2026-08-14,13.58,-1.56,-11.49,yfinance,取得済み,
2026-08-22,TRMB,US,2026-08-21,60.25,2026-08-14,57.6,2.65,4.6,yfinance,取得済み,
2026-08-22,VEEV,US,2026-08-21,247.9,2026-08-14,243.75,4.15,1.7,yfinance,取得済み,
2026-08-22,PYPL,US,2026-08-21,61.55,2026-08-14,61.66,-0.11,-0.18,yfinance,取得済み,
2026-08-22,TEM,US,2026-08-21,72.69,2026-08-14,52.1,20.59,39.52,yfinance,取得済み,
2026-08-22,FICO,US,2026-08-21,1172.67,2026-08-14,1085.78,86.89,8.0,yfinance,取得済み,
2026-08-22,AAOI,US,2026-08-21,124.82,2026-08-14,150.28,-25.46,-16.94,yfinance,取得済み,
2026-08-22,OUST,US,2026-08-21,38.42,2026-08-14,48.71,-10.29,-21.13,yfinance,取得済み,
2026-08-22,APH,US,2026-08-21,157.01,2026-08-14,167.11,-10.1,-6.04,yfinance,取得済み,
2026-08-22,ASPI,US,2026-08-21,4.0,2026-08-14,4.27,-0.27,-6.32,yfinance,取得済み,
2026-08-22,NBIS,US,2026-08-21,219.13,2026-08-14,277.68,-58.55,-21.09,yfinance,取得済み,
2026-08-22,EWY,US,2026-08-21,178.34,2026-08-14,179.74,-1.4,-0.78,yfinance,取得済み,
2026-08-22,ISRG,US,2026-08-21,378.81,2026-08-14,394.51,-15.7,-3.98,yfinance,取得済み,
2026-08-22,SPGI,US,2026-08-21,431.29,2026-08-14,418.8,12.49,2.98,yfinance,取得済み,
2026-08-22,MELI,US,2026-08-21,1922.73,2026-08-14,1844.58,78.15,4.24,yfinance,取得済み,
2026-08-22,TMO,US,2026-08-21,629.27,2026-08-14,588.29,40.98,6.97,yfinance,取得済み,
2026-08-22,META,US,2026-08-21,549.9,2026-08-14,589.85,-39.95,-6.77,yfinance,取得済み,
2026-08-22,IONQ,US,2026-08-21,44.86,2026-08-14,46.26,-1.4,-3.03,yfinance,取得済み,
2026-08-22,RGTI,US,2026-08-21,17.91,2026-08-14,18.82,-0.91,-4.84,yfinance,取得済み,
2026-08-22,SDGR,US,2026-08-21,19.71,2026-08-14,17.59,2.12,12.05,yfinance,取得済み,
2026-08-22,RXRX,US,2026-08-21,3.5,2026-08-14,3.16,0.34,10.76,yfinance,取得済み,
2026-08-22,QCOM,US,2026-08-21,160.75,2026-08-14,165.79,-5.04,-3.04,yfinance,取得済み,
2026-08-22,HSAI,US,2026-08-21,19.1,2026-08-14,18.21,0.89,4.89,yfinance,取得済み,
2026-08-22,PL,US,2026-08-21,22.29,2026-08-14,24.69,-2.4,-9.72,yfinance,取得済み,
2026-08-22,V,US,2026-08-21,371.04,2026-08-14,364.15,6.89,1.89,yfinance,取得済み,
2026-08-22,VRTX,US,2026-08-21,548.05,2026-08-14,505.75,42.3,8.36,yfinance,取得済み,
2026-08-22,DIS,US,2026-08-21,107.78,2026-08-14,106.85,0.93,0.87,yfinance,取得済み,
2026-08-22,KVYO,US,2026-08-21,18.33,2026-08-14,18.49,-0.16,-0.87,yfinance,取得済み,
2026-08-22,DKNG,US,2026-08-21,26.17,2026-08-14,26.14,0.03,0.11,yfinance,取得済み,
2026-08-22,CRSP,US,2026-08-21,59.5,2026-08-14,53.55,5.95,11.11,yfinance,取得済み,
2026-08-22,BEAM,US,2026-08-21,29.76,2026-08-14,26.75,3.01,11.25,yfinance,取得済み,
2026-08-22,ETN,US,2026-08-21,419.2,2026-08-14,451.51,-32.31,-7.16,yfinance,取得済み,
2026-08-22,MSTR,US,2026-08-21,119.25,2026-08-14,93.04,26.21,28.17,yfinance,取得済み,
2026-08-22,POET,US,2026-08-21,8.25,2026-08-14,9.58,-1.33,-13.88,yfinance,取得済み,
2026-08-22,KITT,US,2026-08-21,0.88,2026-08-14,0.91,-0.03,-3.8,yfinance,取得済み,
2026-08-22,AXTI,US,2026-08-21,70.74,2026-08-14,81.64,-10.9,-13.35,yfinance,取得済み,
2026-08-22,COHR,US,2026-08-21,289.52,2026-08-14,325.83,-36.31,-11.14,yfinance,取得済み,
2026-08-22,ANET,US,2026-08-21,188.65,2026-08-14,198.82,-10.17,-5.12,yfinance,取得済み,
2026-08-22,DDOG,US,2026-08-21,235.62,2026-08-14,255.46,-19.84,-7.77,yfinance,取得済み,
2026-08-22,SNOW,US,2026-08-21,332.78,2026-08-14,328.92,3.86,1.17,yfinance,取得済み,
2026-08-22,OPTX,US,2026-08-21,8.51,2026-08-14,8.81,-0.3,-3.41,yfinance,取得済み,
2026-08-22,AEM,US,2026-08-21,216.06,2026-08-14,186.46,29.6,15.87,yfinance,取得済み,
2026-08-22,ZETA,US,2026-08-21,29.07,2026-08-14,29.05,0.02,0.07,yfinance,取得済み,
2026-08-22,7974.T,JP,2026-08-21,8599.0,2026-08-14,8900.0,-301.0,-3.38,yfinance,取得済み,
2026-08-22,6383.T,JP,2026-08-21,5900.0,2026-08-14,6303.0,-403.0,-6.39,yfinance,取得済み,
2026-08-22,5401.T,JP,2026-08-21,659.4,2026-08-14,676.3,-16.9,-2.5,yfinance,取得済み,
2026-08-22,4901.T,JP,2026-08-21,3217.0,2026-08-14,3329.0,-112.0,-3.36,yfinance,取得済み,
2026-08-22,3407.T,JP,2026-08-21,1641.5,2026-08-14,1702.0,-60.5,-3.55,yfinance,取得済み,
2026-08-22,3402.T,JP,2026-08-21,1298.5,2026-08-14,1354.5,-56.0,-4.13,yfinance,取得済み,
2026-08-22,3405.T,JP,2026-08-21,1839.0,2026-08-14,1881.5,-42.5,-2.26,yfinance,取得済み,
2026-08-22,2871.T,JP,2026-08-21,2187.0,2026-08-14,2188.5,-1.5,-0.07,yfinance,取得済み,
2026-08-22,8601.T,JP,2026-08-21,1779.0,2026-08-14,1801.0,-22.0,-1.22,yfinance,取得済み,
2026-08-22,8410.T,JP,2026-08-21,332.5,2026-08-14,336.1,-3.6,-1.07,yfinance,取得済み,
2026-08-22,6902.T,JP,2026-08-21,1948.5,2026-08-14,1955.0,-6.5,-0.33,yfinance,取得済み,
2026-08-22,6758.T,JP,2026-08-21,3785.0,2026-08-14,3912.0,-127.0,-3.25,yfinance,取得済み,
2026-08-22,5020.T,JP,2026-08-21,1331.0,2026-08-14,1291.0,40.0,3.1,yfinance,取得済み,
2026-08-22,4063.T,JP,2026-08-21,6051.0,2026-08-14,6372.0,-321.0,-5.04,yfinance,取得済み,
2026-08-22,4042.T,JP,2026-08-21,2656.0,2026-08-14,2750.0,-94.0,-3.42,yfinance,取得済み,
2026-08-22,1911.T,JP,2026-08-21,1353.0,2026-08-14,1348.0,5.0,0.37,yfinance,取得済み,
2026-08-22,1928.T,JP,2026-08-21,3471.0,2026-08-14,3444.0,27.0,0.78,yfinance,取得済み,
2026-08-22,6326.T,JP,2026-08-21,2712.0,2026-08-14,2751.5,-39.5,-1.44,yfinance,取得済み,
2026-08-22,7267.T,JP,2026-08-21,1753.0,2026-08-14,1658.0,95.0,5.73,yfinance,取得済み,
2026-08-22,6501.T,JP,2026-08-21,5196.0,2026-08-14,5767.0,-571.0,-9.9,yfinance,取得済み,
2026-08-22,9861.T,JP,2026-08-21,3860.0,2026-08-14,3779.0,81.0,2.14,yfinance,取得済み,
2026-08-22,7821.T,JP,2026-08-21,2032.0,2026-08-14,2013.0,19.0,0.94,yfinance,取得済み,
2026-08-22,1377.T,JP,2026-08-21,4525.0,2026-08-14,4365.0,160.0,3.67,yfinance,取得済み,
2026-08-22,6287.T,JP,2026-08-21,2759.0,2026-08-14,2791.0,-32.0,-1.15,yfinance,取得済み,
2026-08-22,4368.T,JP,2026-08-21,3075.0,2026-08-14,3435.0,-360.0,-10.48,yfinance,取得済み,
2026-08-22,9432.T,JP,2026-08-21,166.1,2026-08-14,162.7,3.4,2.09,yfinance,取得済み,
2026-08-29,AVAV,US,2026-08-27,152.28,2026-08-20,159.79,-7.51,-4.7,yfinance,取得済み,
2026-08-29,AXON,US,2026-08-27,611.2,2026-08-20,614.26,-3.06,-0.5,yfinance,取得済み,
2026-08-29,AUR,US,2026-08-27,5.69,2026-08-20,6.12,-0.43,-7.03,yfinance,取得済み,
2026-08-29,TMDX,US,2026-08-27,91.75,2026-08-20,90.85,0.9,0.99,yfinance,取得済み,
2026-08-29,NOW,US,2026-08-27,138.43,2026-08-20,129.75,8.68,6.69,yfinance,取得済み,
2026-08-29,RDW,US,2026-08-27,11.27,2026-08-20,11.77,-0.5,-4.25,yfinance,取得済み,
2026-08-29,TRMB,US,2026-08-27,61.54,2026-08-20,59.68,1.86,3.12,yfinance,取得済み,
2026-08-29,VEEV,US,2026-08-27,282.13,2026-08-20,250.53,31.6,12.61,yfinance,取得済み,
2026-08-29,PYPL,US,2026-08-27,61.47,2026-08-20,62.3,-0.83,-1.33,yfinance,取得済み,
2026-08-29,TEM,US,2026-08-27,70.69,2026-08-20,66.65,4.04,6.06,yfinance,取得済み,
2026-08-29,FICO,US,2026-08-27,1157.06,2026-08-20,1149.75,7.31,0.64,yfinance,取得済み,
2026-08-29,AAOI,US,2026-08-27,113.28,2026-08-20,129.1,-15.82,-12.25,yfinance,取得済み,
2026-08-29,OUST,US,2026-08-27,36.54,2026-08-20,37.95,-1.41,-3.72,yfinance,取得済み,
2026-08-29,APH,US,2026-08-27,161.38,2026-08-20,153.11,8.27,5.4,yfinance,取得済み,
2026-08-29,ASPI,US,2026-08-27,4.04,2026-08-20,3.95,0.09,2.28,yfinance,取得済み,
2026-08-29,NBIS,US,2026-08-27,218.48,2026-08-20,220.11,-1.63,-0.74,yfinance,取得済み,
2026-08-29,EWY,US,2026-08-27,182.14,2026-08-20,178.16,3.98,2.23,yfinance,取得済み,
2026-08-29,ISRG,US,2026-08-27,367.07,2026-08-20,374.48,-7.41,-1.98,yfinance,取得済み,
2026-08-29,SPGI,US,2026-08-27,435.39,2026-08-20,432.16,3.23,0.75,yfinance,取得済み,
2026-08-29,MELI,US,2026-08-27,1930.75,2026-08-20,1921.96,8.79,0.46,yfinance,取得済み,
2026-08-29,TMO,US,2026-08-27,630.7,2026-08-20,627.55,3.15,0.5,yfinance,取得済み,
2026-08-29,META,US,2026-08-27,571.1,2026-08-20,545.83,25.27,4.63,yfinance,取得済み,
2026-08-29,IONQ,US,2026-08-27,42.46,2026-08-20,41.53,0.93,2.24,yfinance,取得済み,
2026-08-29,RGTI,US,2026-08-27,16.44,2026-08-20,16.07,0.38,2.33,yfinance,取得済み,
2026-08-29,SDGR,US,2026-08-27,20.41,2026-08-20,19.58,0.83,4.24,yfinance,取得済み,
2026-08-29,RXRX,US,2026-08-27,3.44,2026-08-20,3.34,0.1,2.99,yfinance,取得済み,
2026-08-29,QCOM,US,2026-08-27,164.78,2026-08-20,160.74,4.04,2.51,yfinance,取得済み,
2026-08-29,HSAI,US,2026-08-27,17.49,2026-08-20,18.62,-1.13,-6.07,yfinance,取得済み,
2026-08-29,PL,US,2026-08-27,21.16,2026-08-20,22.17,-1.01,-4.56,yfinance,取得済み,
2026-08-29,V,US,2026-08-27,379.66,2026-08-20,365.73,13.93,3.81,yfinance,取得済み,
2026-08-29,VRTX,US,2026-08-27,547.55,2026-08-20,540.26,7.29,1.35,yfinance,取得済み,
2026-08-29,DIS,US,2026-08-27,106.82,2026-08-20,107.32,-0.5,-0.47,yfinance,取得済み,
2026-08-29,KVYO,US,2026-08-27,19.61,2026-08-20,18.11,1.5,8.28,yfinance,取得済み,
2026-08-29,DKNG,US,2026-08-27,24.22,2026-08-20,25.03,-0.81,-3.24,yfinance,取得済み,
2026-08-29,CRSP,US,2026-08-27,59.37,2026-08-20,58.12,1.25,2.15,yfinance,取得済み,
2026-08-29,BEAM,US,2026-08-27,30.48,2026-08-20,28.39,2.09,7.36,yfinance,取得済み,
2026-08-29,ETN,US,2026-08-27,416.04,2026-08-20,415.29,0.75,0.18,yfinance,取得済み,
2026-08-29,MSTR,US,2026-08-27,137.4,2026-08-20,112.39,25.01,22.25,yfinance,取得済み,
2026-08-29,POET,US,2026-08-27,8.19,2026-08-20,8.27,-0.08,-0.97,yfinance,取得済み,
2026-08-29,KITT,US,2026-08-27,0.8,2026-08-20,0.86,-0.06,-6.98,yfinance,取得済み,
2026-08-29,AXTI,US,2026-08-27,66.92,2026-08-20,73.12,-6.2,-8.48,yfinance,取得済み,
2026-08-29,COHR,US,2026-08-27,295.39,2026-08-20,290.03,5.36,1.85,yfinance,取得済み,
2026-08-29,ANET,US,2026-08-27,201.09,2026-08-20,183.75,17.34,9.44,yfinance,取得済み,
2026-08-29,DDOG,US,2026-08-27,242.93,2026-08-20,232.55,10.38,4.46,yfinance,取得済み,
2026-08-29,SNOW,US,2026-08-27,329.11,2026-08-20,321.29,7.82,2.43,yfinance,取得済み,
2026-08-29,OPTX,US,2026-08-27,8.73,2026-08-20,8.79,-0.06,-0.68,yfinance,取得済み,
2026-08-29,AEM,US,2026-08-27,215.44,2026-08-20,212.04,3.4,1.6,yfinance,取得済み,
2026-08-29,ZETA,US,2026-08-27,30.22,2026-08-20,27.85,2.37,8.51,yfinance,取得済み,
2026-08-29,7974.T,JP,2026-08-27,8728.0,2026-08-20,8781.0,-53.0,-0.6,yfinance,取得済み,
2026-08-29,6383.T,JP,2026-08-27,5798.0,2026-08-20,5838.0,-40.0,-0.69,yfinance,取得済み,
2026-08-29,5401.T,JP,2026-08-27,671.0,2026-08-20,663.0,8.0,1.21,yfinance,取得済み,
2026-08-29,4901.T,JP,2026-08-27,3296.0,2026-08-20,3220.0,76.0,2.36,yfinance,取得済み,
2026-08-29,3407.T,JP,2026-08-27,1649.0,2026-08-20,1634.0,15.0,0.92,yfinance,取得済み,
2026-08-29,3402.T,JP,2026-08-27,1276.5,2026-08-20,1301.0,-24.5,-1.88,yfinance,取得済み,
2026-08-29,3405.T,JP,2026-08-27,1828.0,2026-08-20,1831.5,-3.5,-0.19,yfinance,取得済み,
2026-08-29,2871.T,JP,2026-08-27,2147.0,2026-08-20,2182.5,-35.5,-1.63,yfinance,取得済み,
2026-08-29,8601.T,JP,2026-08-27,1823.0,2026-08-20,1757.0,66.0,3.76,yfinance,取得済み,
2026-08-29,8410.T,JP,2026-08-27,336.0,2026-08-20,328.5,7.5,2.28,yfinance,取得済み,
2026-08-29,6902.T,JP,2026-08-27,1903.5,2026-08-20,1946.0,-42.5,-2.18,yfinance,取得済み,
2026-08-29,6758.T,JP,2026-08-27,3870.0,2026-08-20,3777.0,93.0,2.46,yfinance,取得済み,
2026-08-29,5020.T,JP,2026-08-27,1331.0,2026-08-20,1303.0,28.0,2.15,yfinance,取得済み,
2026-08-29,4063.T,JP,2026-08-27,5993.0,2026-08-20,6161.0,-168.0,-2.73,yfinance,取得済み,
2026-08-29,4042.T,JP,2026-08-27,2663.5,2026-08-20,2658.0,5.5,0.21,yfinance,取得済み,
2026-08-29,1911.T,JP,2026-08-27,1344.0,2026-08-20,1342.0,2.0,0.15,yfinance,取得済み,
2026-08-29,1928.T,JP,2026-08-27,3460.0,2026-08-20,3437.0,23.0,0.67,yfinance,取得済み,
2026-08-29,6326.T,JP,2026-08-27,2839.0,2026-08-20,2649.0,190.0,7.17,yfinance,取得済み,
2026-08-29,7267.T,JP,2026-08-27,1662.5,2026-08-20,1741.5,-79.0,-4.54,yfinance,取得済み,
2026-08-29,6501.T,JP,2026-08-27,5433.0,2026-08-20,5263.0,170.0,3.23,yfinance,取得済み,
2026-08-29,9861.T,JP,2026-08-27,3785.0,2026-08-20,3824.0,-39.0,-1.02,yfinance,取得済み,
2026-08-29,7821.T,JP,2026-08-27,2047.0,2026-08-20,2040.0,7.0,0.34,yfinance,取得済み,
2026-08-29,1377.T,JP,2026-08-27,4395.0,2026-08-20,4500.0,-105.0,-2.33,yfinance,取得済み,
2026-08-29,6287.T,JP,2026-08-27,2846.0,2026-08-20,2772.0,74.0,2.67,yfinance,取得済み,
2026-08-29,4368.T,JP,2026-08-27,3055.0,2026-08-20,3230.0,-175.0,-5.42,yfinance,取得済み,
2026-08-29,9432.T,JP,2026-08-27,168.2,2026-08-20,161.4,6.8,4.21,yfinance,取得済み,
